split,model,fpr,tpr
Random test,Logistic regression,0.0,0.0
Random test,Logistic regression,0.0,0.005076142131979695
Random test,Logistic regression,0.003563791874554526,0.005076142131979695
Random test,Logistic regression,0.003563791874554526,0.015228426395939087
Random test,Logistic regression,0.0042765502494654314,0.015228426395939087
Random test,Logistic regression,0.0042765502494654314,0.02030456852791878
Random test,Logistic regression,0.007127583749109052,0.02030456852791878
Random test,Logistic regression,0.007127583749109052,0.025380710659898477
Random test,Logistic regression,0.010691375623663579,0.025380710659898477
Random test,Logistic regression,0.010691375623663579,0.03553299492385787
Random test,Logistic regression,0.011404133998574484,0.03553299492385787
Random test,Logistic regression,0.011404133998574484,0.04060913705583756
Random test,Logistic regression,0.012829650748396294,0.04060913705583756
Random test,Logistic regression,0.012829650748396294,0.04568527918781726
Random test,Logistic regression,0.014255167498218105,0.04568527918781726
Random test,Logistic regression,0.014255167498218105,0.050761421319796954
Random test,Logistic regression,0.01496792587312901,0.050761421319796954
Random test,Logistic regression,0.01496792587312901,0.05583756345177665
Random test,Logistic regression,0.01781895937277263,0.05583756345177665
Random test,Logistic regression,0.01781895937277263,0.06598984771573604
Random test,Logistic regression,0.018531717747683536,0.06598984771573604
Random test,Logistic regression,0.018531717747683536,0.08629441624365482
Random test,Logistic regression,0.024946543121881683,0.08629441624365482
Random test,Logistic regression,0.024946543121881683,0.09644670050761421
Random test,Logistic regression,0.026372059871703494,0.09644670050761421
Random test,Logistic regression,0.026372059871703494,0.10152284263959391
Random test,Logistic regression,0.0270848182466144,0.10152284263959391
Random test,Logistic regression,0.0270848182466144,0.1065989847715736
Random test,Logistic regression,0.02851033499643621,0.1065989847715736
Random test,Logistic regression,0.02851033499643621,0.1116751269035533
Random test,Logistic regression,0.03207412687099073,0.1116751269035533
Random test,Logistic regression,0.03207412687099073,0.116751269035533
Random test,Logistic regression,0.03421240199572345,0.116751269035533
Random test,Logistic regression,0.03421240199572345,0.12690355329949238
Random test,Logistic regression,0.039201710620099785,0.12690355329949238
Random test,Logistic regression,0.039201710620099785,0.1319796954314721
Random test,Logistic regression,0.03991446899501069,0.1319796954314721
Random test,Logistic regression,0.03991446899501069,0.13705583756345177
Random test,Logistic regression,0.041339985744832504,0.13705583756345177
Random test,Logistic regression,0.041339985744832504,0.14720812182741116
Random test,Logistic regression,0.043478260869565216,0.14720812182741116
Random test,Logistic regression,0.043478260869565216,0.15228426395939088
Random test,Logistic regression,0.04490377761938703,0.15228426395939088
Random test,Logistic regression,0.04490377761938703,0.15736040609137056
Random test,Logistic regression,0.04918032786885246,0.15736040609137056
Random test,Logistic regression,0.04918032786885246,0.16243654822335024
Random test,Logistic regression,0.05203136136849608,0.16243654822335024
Random test,Logistic regression,0.05203136136849608,0.16751269035532995
Random test,Logistic regression,0.05274411974340699,0.16751269035532995
Random test,Logistic regression,0.05274411974340699,0.17766497461928935
Random test,Logistic regression,0.05915894511760513,0.17766497461928935
Random test,Logistic regression,0.05915894511760513,0.18274111675126903
Random test,Logistic regression,0.06486101211689238,0.18274111675126903
Random test,Logistic regression,0.06486101211689238,0.18781725888324874
Random test,Logistic regression,0.06699928724162509,0.18781725888324874
Random test,Logistic regression,0.06699928724162509,0.19289340101522842
Random test,Logistic regression,0.07341411261582323,0.19289340101522842
Random test,Logistic regression,0.07341411261582323,0.19796954314720813
Random test,Logistic regression,0.07483962936564505,0.19796954314720813
Random test,Logistic regression,0.07483962936564505,0.20304568527918782
Random test,Logistic regression,0.07626514611546685,0.20304568527918782
Random test,Logistic regression,0.07626514611546685,0.20812182741116753
Random test,Logistic regression,0.07982893799002139,0.20812182741116753
Random test,Logistic regression,0.07982893799002139,0.2131979695431472
Random test,Logistic regression,0.08267997148966501,0.2131979695431472
Random test,Logistic regression,0.08267997148966501,0.2182741116751269
Random test,Logistic regression,0.08410548823948681,0.2182741116751269
Random test,Logistic regression,0.08410548823948681,0.2233502538071066
Random test,Logistic regression,0.08909479686386315,0.2233502538071066
Random test,Logistic regression,0.08909479686386315,0.22842639593908629
Random test,Logistic regression,0.09052031361368496,0.22842639593908629
Random test,Logistic regression,0.09052031361368496,0.2436548223350254
Random test,Logistic regression,0.0955096222380613,0.2436548223350254
Random test,Logistic regression,0.0955096222380613,0.24873096446700507
Random test,Logistic regression,0.09978617248752673,0.24873096446700507
Random test,Logistic regression,0.09978617248752673,0.25380710659898476
Random test,Logistic regression,0.10263720598717035,0.25380710659898476
Random test,Logistic regression,0.10263720598717035,0.25888324873096447
Random test,Logistic regression,0.1083392729864576,0.25888324873096447
Random test,Logistic regression,0.1083392729864576,0.26903553299492383
Random test,Logistic regression,0.1097647897362794,0.26903553299492383
Random test,Logistic regression,0.1097647897362794,0.27411167512690354
Random test,Logistic regression,0.1104775481111903,0.27411167512690354
Random test,Logistic regression,0.1104775481111903,0.27918781725888325
Random test,Logistic regression,0.11190306486101212,0.27918781725888325
Random test,Logistic regression,0.11190306486101212,0.28426395939086296
Random test,Logistic regression,0.11689237348538846,0.28426395939086296
Random test,Logistic regression,0.11689237348538846,0.2893401015228426
Random test,Logistic regression,0.11831789023521026,0.2893401015228426
Random test,Logistic regression,0.11831789023521026,0.29441624365482233
Random test,Logistic regression,0.12544547398431932,0.29441624365482233
Random test,Logistic regression,0.12544547398431932,0.29949238578680204
Random test,Logistic regression,0.1347113328581611,0.29949238578680204
Random test,Logistic regression,0.1347113328581611,0.30456852791878175
Random test,Logistic regression,0.1368496079828938,0.30456852791878175
Random test,Logistic regression,0.1368496079828938,0.3096446700507614
Random test,Logistic regression,0.14540270848182466,0.3096446700507614
Random test,Logistic regression,0.14540270848182466,0.3147208121827411
Random test,Logistic regression,0.1482537419814683,0.3147208121827411
Random test,Logistic regression,0.1482537419814683,0.3197969543147208
Random test,Logistic regression,0.15466856735566642,0.3197969543147208
Random test,Logistic regression,0.15466856735566642,0.3299492385786802
Random test,Logistic regression,0.15538132573057734,0.3299492385786802
Random test,Logistic regression,0.15538132573057734,0.3350253807106599
Random test,Logistic regression,0.1632216678545973,0.3350253807106599
Random test,Logistic regression,0.1632216678545973,0.3401015228426396
Random test,Logistic regression,0.1646471846044191,0.3401015228426396
Random test,Logistic regression,0.1646471846044191,0.34517766497461927
Random test,Logistic regression,0.16535994297933002,0.34517766497461927
Random test,Logistic regression,0.16535994297933002,0.350253807106599
Random test,Logistic regression,0.17462580185317178,0.350253807106599
Random test,Logistic regression,0.17462580185317178,0.3553299492385787
Random test,Logistic regression,0.17605131860299358,0.3553299492385787
Random test,Logistic regression,0.17605131860299358,0.3604060913705584
Random test,Logistic regression,0.17890235210263722,0.3604060913705584
Random test,Logistic regression,0.17890235210263722,0.36548223350253806
Random test,Logistic regression,0.18032786885245902,0.36548223350253806
Random test,Logistic regression,0.18032786885245902,0.37055837563451777
Random test,Logistic regression,0.1810406272273699,0.37055837563451777
Random test,Logistic regression,0.1810406272273699,0.38578680203045684
Random test,Logistic regression,0.18246614397719174,0.38578680203045684
Random test,Logistic regression,0.18246614397719174,0.39086294416243655
Random test,Logistic regression,0.1903064861012117,0.39086294416243655
Random test,Logistic regression,0.1903064861012117,0.39593908629441626
Random test,Logistic regression,0.1910192444761226,0.39593908629441626
Random test,Logistic regression,0.1910192444761226,0.4010152284263959
Random test,Logistic regression,0.1917320028510335,0.4010152284263959
Random test,Logistic regression,0.1917320028510335,0.40609137055837563
Random test,Logistic regression,0.20242337847469707,0.40609137055837563
Random test,Logistic regression,0.20242337847469707,0.41116751269035534
Random test,Logistic regression,0.2066999287241625,0.41116751269035534
Random test,Logistic regression,0.2066999287241625,0.4213197969543147
Random test,Logistic regression,0.20883820384889523,0.4213197969543147
Random test,Logistic regression,0.20883820384889523,0.4263959390862944
Random test,Logistic regression,0.21454027084818247,0.4263959390862944
Random test,Logistic regression,0.21454027084818247,0.43147208121827413
Random test,Logistic regression,0.21525302922309336,0.43147208121827413
Random test,Logistic regression,0.21525302922309336,0.4365482233502538
Random test,Logistic regression,0.22594440484675696,0.4365482233502538
Random test,Logistic regression,0.22594440484675696,0.4416243654822335
Random test,Logistic regression,0.22665716322166785,0.4416243654822335
Random test,Logistic regression,0.22665716322166785,0.4467005076142132
Random test,Logistic regression,0.22879543834640056,0.4467005076142132
Random test,Logistic regression,0.22879543834640056,0.4517766497461929
Random test,Logistic regression,0.23093371347113328,0.4517766497461929
Random test,Logistic regression,0.23093371347113328,0.45685279187817257
Random test,Logistic regression,0.2323592302209551,0.45685279187817257
Random test,Logistic regression,0.2323592302209551,0.4619289340101523
Random test,Logistic regression,0.23378474697077692,0.4619289340101523
Random test,Logistic regression,0.23378474697077692,0.467005076142132
Random test,Logistic regression,0.23663578047042053,0.467005076142132
Random test,Logistic regression,0.23663578047042053,0.4720812182741117
Random test,Logistic regression,0.2459016393442623,0.4720812182741117
Random test,Logistic regression,0.2459016393442623,0.47715736040609136
Random test,Logistic regression,0.2466143977191732,0.47715736040609136
Random test,Logistic regression,0.2466143977191732,0.48223350253807107
Random test,Logistic regression,0.25160370634354956,0.48223350253807107
Random test,Logistic regression,0.25160370634354956,0.49238578680203043
Random test,Logistic regression,0.26300784034212404,0.49238578680203043
Random test,Logistic regression,0.26300784034212404,0.5076142131979695
Random test,Logistic regression,0.26585887384176765,0.5076142131979695
Random test,Logistic regression,0.26585887384176765,0.5126903553299492
Random test,Logistic regression,0.2765502494654312,0.5126903553299492
Random test,Logistic regression,0.2765502494654312,0.5228426395939086
Random test,Logistic regression,0.27797576621525305,0.5228426395939086
Random test,Logistic regression,0.27797576621525305,0.5329949238578681
Random test,Logistic regression,0.28367783321454026,0.5329949238578681
Random test,Logistic regression,0.28367783321454026,0.5431472081218274
Random test,Logistic regression,0.30434782608695654,0.5431472081218274
Random test,Logistic regression,0.30434782608695654,0.5482233502538071
Random test,Logistic regression,0.31290092658588736,0.5482233502538071
Random test,Logistic regression,0.31290092658588736,0.5532994923857868
Random test,Logistic regression,0.32002851033499646,0.5532994923857868
Random test,Logistic regression,0.32002851033499646,0.5583756345177665
Random test,Logistic regression,0.32216678545972915,0.5583756345177665
Random test,Logistic regression,0.32216678545972915,0.5634517766497462
Random test,Logistic regression,0.32501781895937276,0.5634517766497462
Random test,Logistic regression,0.32501781895937276,0.5685279187817259
Random test,Logistic regression,0.33642195295794725,0.5685279187817259
Random test,Logistic regression,0.33642195295794725,0.5736040609137056
Random test,Logistic regression,0.3406985032074127,0.5736040609137056
Random test,Logistic regression,0.3406985032074127,0.5786802030456852
Random test,Logistic regression,0.3414112615823236,0.5786802030456852
Random test,Logistic regression,0.3414112615823236,0.583756345177665
Random test,Logistic regression,0.3435495367070563,0.583756345177665
Random test,Logistic regression,0.3435495367070563,0.5888324873096447
Random test,Logistic regression,0.3442622950819672,0.5888324873096447
Random test,Logistic regression,0.3442622950819672,0.5939086294416244
Random test,Logistic regression,0.34853884533143265,0.5939086294416244
Random test,Logistic regression,0.34853884533143265,0.5989847715736041
Random test,Logistic regression,0.3499643620812545,0.5989847715736041
Random test,Logistic regression,0.3499643620812545,0.6040609137055838
Random test,Logistic regression,0.35210263720598717,0.6040609137055838
Random test,Logistic regression,0.35210263720598717,0.6091370558375635
Random test,Logistic regression,0.3677833214540271,0.6091370558375635
Random test,Logistic regression,0.3677833214540271,0.6142131979695431
Random test,Logistic regression,0.3706343549536707,0.6142131979695431
Random test,Logistic regression,0.3706343549536707,0.6192893401015228
Random test,Logistic regression,0.3734853884533143,0.6192893401015228
Random test,Logistic regression,0.3734853884533143,0.6243654822335025
Random test,Logistic regression,0.3799002138275125,0.6243654822335025
Random test,Logistic regression,0.3799002138275125,0.6294416243654822
Random test,Logistic regression,0.39059158945117606,0.6294416243654822
Random test,Logistic regression,0.39059158945117606,0.6345177664974619
Random test,Logistic regression,0.391304347826087,0.6345177664974619
Random test,Logistic regression,0.391304347826087,0.6395939086294417
Random test,Logistic regression,0.3948681397006415,0.6395939086294417
Random test,Logistic regression,0.3948681397006415,0.6446700507614214
Random test,Logistic regression,0.398431931575196,0.6446700507614214
Random test,Logistic regression,0.398431931575196,0.649746192893401
Random test,Logistic regression,0.40484675694939415,0.649746192893401
Random test,Logistic regression,0.40484675694939415,0.6548223350253807
Random test,Logistic regression,0.4069850320741269,0.6548223350253807
Random test,Logistic regression,0.4069850320741269,0.6598984771573604
Random test,Logistic regression,0.40841054882394867,0.6598984771573604
Random test,Logistic regression,0.40841054882394867,0.6649746192893401
Random test,Logistic regression,0.4233784746970777,0.6649746192893401
Random test,Logistic regression,0.4233784746970777,0.6700507614213198
Random test,Logistic regression,0.4276550249465431,0.6700507614213198
Random test,Logistic regression,0.4276550249465431,0.6751269035532995
Random test,Logistic regression,0.4305060584461867,0.6751269035532995
Random test,Logistic regression,0.4305060584461867,0.6802030456852792
Random test,Logistic regression,0.43406985032074125,0.6802030456852792
Random test,Logistic regression,0.43406985032074125,0.6903553299492385
Random test,Logistic regression,0.44476122594440487,0.6903553299492385
Random test,Logistic regression,0.44476122594440487,0.700507614213198
Random test,Logistic regression,0.4483250178189594,0.700507614213198
Random test,Logistic regression,0.4483250178189594,0.7055837563451777
Random test,Logistic regression,0.45830363506771205,0.7055837563451777
Random test,Logistic regression,0.45830363506771205,0.7106598984771574
Random test,Logistic regression,0.4625801853171775,0.7106598984771574
Random test,Logistic regression,0.4625801853171775,0.7157360406091371
Random test,Logistic regression,0.46970776906628653,0.7157360406091371
Random test,Logistic regression,0.46970776906628653,0.7208121827411168
Random test,Logistic regression,0.4932287954383464,0.7208121827411168
Random test,Logistic regression,0.4932287954383464,0.7258883248730964
Random test,Logistic regression,0.49394155381325733,0.7258883248730964
Random test,Logistic regression,0.49394155381325733,0.7309644670050761
Random test,Logistic regression,0.49607982893799,0.7309644670050761
Random test,Logistic regression,0.49607982893799,0.7360406091370558
Random test,Logistic regression,0.5081967213114754,0.7360406091370558
Random test,Logistic regression,0.5081967213114754,0.7461928934010152
Random test,Logistic regression,0.5089094796863863,0.7461928934010152
Random test,Logistic regression,0.5089094796863863,0.751269035532995
Random test,Logistic regression,0.5402708481824662,0.751269035532995
Random test,Logistic regression,0.5402708481824662,0.7563451776649747
Random test,Logistic regression,0.5488239486813971,0.7563451776649747
Random test,Logistic regression,0.5488239486813971,0.7614213197969543
Random test,Logistic regression,0.5495367070563079,0.7614213197969543
Random test,Logistic regression,0.5495367070563079,0.766497461928934
Random test,Logistic regression,0.5523877405559515,0.766497461928934
Random test,Logistic regression,0.5523877405559515,0.7715736040609137
Random test,Logistic regression,0.5645046329294369,0.7715736040609137
Random test,Logistic regression,0.5645046329294369,0.7817258883248731
Random test,Logistic regression,0.5652173913043478,0.7817258883248731
Random test,Logistic regression,0.5652173913043478,0.7868020304568528
Random test,Logistic regression,0.5659301496792587,0.7868020304568528
Random test,Logistic regression,0.5659301496792587,0.8020304568527918
Random test,Logistic regression,0.5673556664290805,0.8020304568527918
Random test,Logistic regression,0.5673556664290805,0.8121827411167513
Random test,Logistic regression,0.5780470420527442,0.8121827411167513
Random test,Logistic regression,0.5780470420527442,0.817258883248731
Random test,Logistic regression,0.5837491090520314,0.817258883248731
Random test,Logistic regression,0.5837491090520314,0.8223350253807107
Random test,Logistic regression,0.5844618674269423,0.8223350253807107
Random test,Logistic regression,0.5844618674269423,0.8274111675126904
Random test,Logistic regression,0.6001425516749822,0.8274111675126904
Random test,Logistic regression,0.6001425516749822,0.8324873096446701
Random test,Logistic regression,0.6265146115466856,0.8324873096446701
Random test,Logistic regression,0.6265146115466856,0.8375634517766497
Random test,Logistic regression,0.6364932287954383,0.8375634517766497
Random test,Logistic regression,0.6364932287954383,0.8426395939086294
Random test,Logistic regression,0.6436208125445474,0.8426395939086294
Random test,Logistic regression,0.6436208125445474,0.8477157360406091
Random test,Logistic regression,0.6671418389166073,0.8477157360406091
Random test,Logistic regression,0.6671418389166073,0.8527918781725888
Random test,Logistic regression,0.6728439059158945,0.8527918781725888
Random test,Logistic regression,0.6728439059158945,0.8578680203045685
Random test,Logistic regression,0.6735566642908054,0.8578680203045685
Random test,Logistic regression,0.6735566642908054,0.8629441624365483
Random test,Logistic regression,0.6963649322879544,0.8629441624365483
Random test,Logistic regression,0.6963649322879544,0.868020304568528
Random test,Logistic regression,0.7056307911617962,0.868020304568528
Random test,Logistic regression,0.7056307911617962,0.8730964467005076
Random test,Logistic regression,0.7106200997861725,0.8730964467005076
Random test,Logistic regression,0.7106200997861725,0.8781725888324873
Random test,Logistic regression,0.7134711332858161,0.8781725888324873
Random test,Logistic regression,0.7134711332858161,0.883248730964467
Random test,Logistic regression,0.7170349251603706,0.883248730964467
Random test,Logistic regression,0.7170349251603706,0.8934010152284264
Random test,Logistic regression,0.7205987170349252,0.8934010152284264
Random test,Logistic regression,0.7205987170349252,0.8984771573604061
Random test,Logistic regression,0.7255880256593015,0.8984771573604061
Random test,Logistic regression,0.7255880256593015,0.9035532994923858
Random test,Logistic regression,0.7320028510334996,0.9035532994923858
Random test,Logistic regression,0.7320028510334996,0.9086294416243654
Random test,Logistic regression,0.7419814682822523,0.9086294416243654
Random test,Logistic regression,0.7419814682822523,0.9137055837563451
Random test,Logistic regression,0.7626514611546685,0.9137055837563451
Random test,Logistic regression,0.7626514611546685,0.9187817258883249
Random test,Logistic regression,0.7811831789023521,0.9187817258883249
Random test,Logistic regression,0.7811831789023521,0.9238578680203046
Random test,Logistic regression,0.8161083392729864,0.9238578680203046
Random test,Logistic regression,0.8161083392729864,0.9289340101522843
Random test,Logistic regression,0.8303635067712045,0.9289340101522843
Random test,Logistic regression,0.8303635067712045,0.934010152284264
Random test,Logistic regression,0.8353528153955809,0.934010152284264
Random test,Logistic regression,0.8353528153955809,0.9390862944162437
Random test,Logistic regression,0.8439059158945118,0.9390862944162437
Random test,Logistic regression,0.8439059158945118,0.9441624365482234
Random test,Logistic regression,0.8474697077690663,0.9441624365482234
Random test,Logistic regression,0.8474697077690663,0.949238578680203
Random test,Logistic regression,0.8503207412687099,0.949238578680203
Random test,Logistic regression,0.8503207412687099,0.9543147208121827
Random test,Logistic regression,0.8638631503920171,0.9543147208121827
Random test,Logistic regression,0.8638631503920171,0.9593908629441624
Random test,Logistic regression,0.8667141838916608,0.9593908629441624
Random test,Logistic regression,0.8667141838916608,0.9695431472081218
Random test,Logistic regression,0.8880969351389879,0.9695431472081218
Random test,Logistic regression,0.8880969351389879,0.9746192893401016
Random test,Logistic regression,0.9265858873841768,0.9746192893401016
Random test,Logistic regression,0.9265858873841768,0.9796954314720813
Random test,Logistic regression,0.9657875980042766,0.9796954314720813
Random test,Logistic regression,0.9657875980042766,0.9847715736040609
Random test,Logistic regression,0.9672131147540983,0.9847715736040609
Random test,Logistic regression,0.9672131147540983,0.9898477157360406
Random test,Logistic regression,0.977904490377762,0.9898477157360406
Random test,Logistic regression,0.977904490377762,0.9949238578680203
Random test,Logistic regression,0.9828937990021382,0.9949238578680203
Random test,Logistic regression,0.9828937990021382,1.0
Random test,Logistic regression,1.0,1.0
Random test,Random forest,0.0,0.0
Random test,Random forest,0.0007127583749109052,0.0
Random test,Random forest,0.0007127583749109052,0.015228426395939087
Random test,Random forest,0.012116892373485389,0.015228426395939087
Random test,Random forest,0.012116892373485389,0.02030456852791878
Random test,Random forest,0.014255167498218105,0.02030456852791878
Random test,Random forest,0.014255167498218105,0.030456852791878174
Random test,Random forest,0.015680684248039915,0.030456852791878174
Random test,Random forest,0.015680684248039915,0.03553299492385787
Random test,Random forest,0.01639344262295082,0.03553299492385787
Random test,Random forest,0.01639344262295082,0.04060913705583756
Random test,Random forest,0.017106200997861726,0.04060913705583756
Random test,Random forest,0.017106200997861726,0.050761421319796954
Random test,Random forest,0.01924447612259444,0.050761421319796954
Random test,Random forest,0.01924447612259444,0.05583756345177665
Random test,Random forest,0.022095509622238062,0.05583756345177665
Random test,Random forest,0.022095509622238062,0.06598984771573604
Random test,Random forest,0.022808267997148968,0.06598984771573604
Random test,Random forest,0.022808267997148968,0.07614213197969544
Random test,Random forest,0.023521026372059873,0.07614213197969544
Random test,Random forest,0.023521026372059873,0.08121827411167512
Random test,Random forest,0.027797576621525304,0.08121827411167512
Random test,Random forest,0.027797576621525304,0.08629441624365482
Random test,Random forest,0.03207412687099073,0.08629441624365482
Random test,Random forest,0.03207412687099073,0.09644670050761421
Random test,Random forest,0.03349964362081254,0.09644670050761421
Random test,Random forest,0.03349964362081254,0.10152284263959391
Random test,Random forest,0.036350677120456164,0.10152284263959391
Random test,Random forest,0.036350677120456164,0.1065989847715736
Random test,Random forest,0.03991446899501069,0.1065989847715736
Random test,Random forest,0.03991446899501069,0.1116751269035533
Random test,Random forest,0.042052744119743406,0.1116751269035533
Random test,Random forest,0.042052744119743406,0.116751269035533
Random test,Random forest,0.04632929436920884,0.116751269035533
Random test,Random forest,0.04632929436920884,0.12690355329949238
Random test,Random forest,0.05060584461867427,0.12690355329949238
Random test,Random forest,0.05060584461867427,0.1319796954314721
Random test,Random forest,0.05131860299358518,0.1319796954314721
Random test,Random forest,0.05131860299358518,0.13705583756345177
Random test,Random forest,0.0541696364932288,0.13705583756345177
Random test,Random forest,0.0541696364932288,0.14213197969543148
Random test,Random forest,0.06129722024233785,0.14213197969543148
Random test,Random forest,0.06129722024233785,0.14720812182741116
Random test,Random forest,0.06343549536707056,0.14720812182741116
Random test,Random forest,0.06343549536707056,0.15228426395939088
Random test,Random forest,0.06414825374198146,0.15228426395939088
Random test,Random forest,0.06414825374198146,0.15736040609137056
Random test,Random forest,0.06771204561653599,0.15736040609137056
Random test,Random forest,0.06771204561653599,0.16751269035532995
Random test,Random forest,0.0698503207412687,0.16751269035532995
Random test,Random forest,0.0698503207412687,0.17258883248730963
Random test,Random forest,0.07056307911617961,0.17258883248730963
Random test,Random forest,0.07056307911617961,0.17766497461928935
Random test,Random forest,0.07127583749109052,0.17766497461928935
Random test,Random forest,0.07127583749109052,0.18274111675126903
Random test,Random forest,0.07412687099073414,0.18274111675126903
Random test,Random forest,0.07412687099073414,0.18781725888324874
Random test,Random forest,0.07982893799002139,0.18781725888324874
Random test,Random forest,0.07982893799002139,0.19289340101522842
Random test,Random forest,0.08267997148966501,0.19289340101522842
Random test,Random forest,0.08267997148966501,0.20304568527918782
Random test,Random forest,0.08481824661439771,0.20304568527918782
Random test,Random forest,0.08481824661439771,0.20812182741116753
Random test,Random forest,0.08838203848895225,0.20812182741116753
Random test,Random forest,0.08838203848895225,0.2131979695431472
Random test,Random forest,0.09693513898788311,0.2131979695431472
Random test,Random forest,0.09693513898788311,0.2233502538071066
Random test,Random forest,0.09764789736279401,0.2233502538071066
Random test,Random forest,0.09764789736279401,0.22842639593908629
Random test,Random forest,0.10192444761225944,0.22842639593908629
Random test,Random forest,0.10192444761225944,0.233502538071066
Random test,Random forest,0.10263720598717035,0.233502538071066
Random test,Random forest,0.10263720598717035,0.23857868020304568
Random test,Random forest,0.11404133998574484,0.23857868020304568
Random test,Random forest,0.11404133998574484,0.24873096446700507
Random test,Random forest,0.11831789023521026,0.24873096446700507
Random test,Random forest,0.11831789023521026,0.25380710659898476
Random test,Random forest,0.11974340698503208,0.25380710659898476
Random test,Random forest,0.11974340698503208,0.25888324873096447
Random test,Random forest,0.12188168210976479,0.25888324873096447
Random test,Random forest,0.12188168210976479,0.26903553299492383
Random test,Random forest,0.12687099073414113,0.26903553299492383
Random test,Random forest,0.12687099073414113,0.27411167512690354
Random test,Random forest,0.13114754098360656,0.27411167512690354
Random test,Random forest,0.13114754098360656,0.27918781725888325
Random test,Random forest,0.1368496079828938,0.27918781725888325
Random test,Random forest,0.1368496079828938,0.28426395939086296
Random test,Random forest,0.14540270848182466,0.28426395939086296
Random test,Random forest,0.14540270848182466,0.2893401015228426
Random test,Random forest,0.14754098360655737,0.2893401015228426
Random test,Random forest,0.14754098360655737,0.30456852791878175
Random test,Random forest,0.150392017106201,0.30456852791878175
Random test,Random forest,0.150392017106201,0.3147208121827411
Random test,Random forest,0.1617961511047755,0.3147208121827411
Random test,Random forest,0.1617961511047755,0.3248730964467005
Random test,Random forest,0.1646471846044191,0.3248730964467005
Random test,Random forest,0.1646471846044191,0.3299492385786802
Random test,Random forest,0.16535994297933002,0.3299492385786802
Random test,Random forest,0.16535994297933002,0.3350253807106599
Random test,Random forest,0.17462580185317178,0.3350253807106599
Random test,Random forest,0.17462580185317178,0.3401015228426396
Random test,Random forest,0.18246614397719174,0.3401015228426396
Random test,Random forest,0.18246614397719174,0.34517766497461927
Random test,Random forest,0.18317890235210263,0.34517766497461927
Random test,Random forest,0.18317890235210263,0.350253807106599
Random test,Random forest,0.18389166072701355,0.350253807106599
Random test,Random forest,0.18389166072701355,0.36548223350253806
Random test,Random forest,0.18602993585174626,0.36548223350253806
Random test,Random forest,0.18602993585174626,0.37055837563451777
Random test,Random forest,0.18816821097647898,0.37055837563451777
Random test,Random forest,0.18816821097647898,0.3756345177664975
Random test,Random forest,0.1895937277263008,0.3756345177664975
Random test,Random forest,0.1895937277263008,0.38071065989847713
Random test,Random forest,0.20883820384889523,0.38071065989847713
Random test,Random forest,0.20883820384889523,0.38578680203045684
Random test,Random forest,0.21596578759800428,0.38578680203045684
Random test,Random forest,0.21596578759800428,0.39086294416243655
Random test,Random forest,0.21739130434782608,0.39086294416243655
Random test,Random forest,0.21739130434782608,0.4010152284263959
Random test,Random forest,0.218104062722737,0.4010152284263959
Random test,Random forest,0.218104062722737,0.40609137055837563
Random test,Random forest,0.22309337134711332,0.40609137055837563
Random test,Random forest,0.22309337134711332,0.41116751269035534
Random test,Random forest,0.22380612972202424,0.41116751269035534
Random test,Random forest,0.22380612972202424,0.41624365482233505
Random test,Random forest,0.22451888809693513,0.41624365482233505
Random test,Random forest,0.22451888809693513,0.4213197969543147
Random test,Random forest,0.23806129722024233,0.4213197969543147
Random test,Random forest,0.23806129722024233,0.43147208121827413
Random test,Random forest,0.24019957234497505,0.43147208121827413
Random test,Random forest,0.24019957234497505,0.4365482233502538
Random test,Random forest,0.2451888809693514,0.4365482233502538
Random test,Random forest,0.2451888809693514,0.4416243654822335
Random test,Random forest,0.25017818959372773,0.4416243654822335
Random test,Random forest,0.25017818959372773,0.4467005076142132
Random test,Random forest,0.25160370634354956,0.4467005076142132
Random test,Random forest,0.25160370634354956,0.4517766497461929
Random test,Random forest,0.25588025659301494,0.4517766497461929
Random test,Random forest,0.25588025659301494,0.45685279187817257
Random test,Random forest,0.26514611546685674,0.45685279187817257
Random test,Random forest,0.26514611546685674,0.4619289340101523
Random test,Random forest,0.26657163221667857,0.4619289340101523
Random test,Random forest,0.26657163221667857,0.467005076142132
Random test,Random forest,0.2751247327156094,0.467005076142132
Random test,Random forest,0.2751247327156094,0.4720812182741117
Random test,Random forest,0.2758374910905203,0.4720812182741117
Random test,Random forest,0.2758374910905203,0.47715736040609136
Random test,Random forest,0.28082679971489666,0.47715736040609136
Random test,Random forest,0.28082679971489666,0.48223350253807107
Random test,Random forest,0.28296507483962935,0.48223350253807107
Random test,Random forest,0.28296507483962935,0.49238578680203043
Random test,Random forest,0.2915181753385602,0.49238578680203043
Random test,Random forest,0.2915181753385602,0.49746192893401014
Random test,Random forest,0.29436920883820383,0.49746192893401014
Random test,Random forest,0.29436920883820383,0.5025380710659898
Random test,Random forest,0.29579472558802566,0.5025380710659898
Random test,Random forest,0.29579472558802566,0.5076142131979695
Random test,Random forest,0.3000712758374911,0.5076142131979695
Random test,Random forest,0.3000712758374911,0.5126903553299492
Random test,Random forest,0.3050605844618674,0.5126903553299492
Random test,Random forest,0.3050605844618674,0.5177664974619289
Random test,Random forest,0.308624376336422,0.5177664974619289
Random test,Random forest,0.308624376336422,0.5279187817258884
Random test,Random forest,0.3121881682109765,0.5279187817258884
Random test,Random forest,0.3121881682109765,0.5329949238578681
Random test,Random forest,0.3264433357091946,0.5329949238578681
Random test,Random forest,0.3264433357091946,0.5380710659898477
Random test,Random forest,0.32786885245901637,0.5380710659898477
Random test,Random forest,0.32786885245901637,0.5431472081218274
Random test,Random forest,0.3300071275837491,0.5431472081218274
Random test,Random forest,0.3300071275837491,0.5482233502538071
Random test,Random forest,0.3321454027084818,0.5482233502538071
Random test,Random forest,0.3321454027084818,0.5532994923857868
Random test,Random forest,0.3421240199572345,0.5532994923857868
Random test,Random forest,0.3421240199572345,0.5583756345177665
Random test,Random forest,0.3442622950819672,0.5583756345177665
Random test,Random forest,0.3442622950819672,0.5634517766497462
Random test,Random forest,0.34640057020669995,0.5634517766497462
Random test,Random forest,0.34640057020669995,0.5685279187817259
Random test,Random forest,0.34782608695652173,0.5685279187817259
Random test,Random forest,0.34782608695652173,0.5786802030456852
Random test,Random forest,0.35210263720598717,0.5786802030456852
Random test,Random forest,0.35210263720598717,0.583756345177665
Random test,Random forest,0.35994297933000713,0.583756345177665
Random test,Random forest,0.35994297933000713,0.5888324873096447
Random test,Random forest,0.3620812544547398,0.5888324873096447
Random test,Random forest,0.3620812544547398,0.5939086294416244
Random test,Random forest,0.36279401282965074,0.5939086294416244
Random test,Random forest,0.36279401282965074,0.5989847715736041
Random test,Random forest,0.3670705630791162,0.5989847715736041
Random test,Random forest,0.3670705630791162,0.6091370558375635
Random test,Random forest,0.37633642195295797,0.6091370558375635
Random test,Random forest,0.37633642195295797,0.6142131979695431
Random test,Random forest,0.398431931575196,0.6142131979695431
Random test,Random forest,0.398431931575196,0.6192893401015228
Random test,Random forest,0.41625089094796863,0.6192893401015228
Random test,Random forest,0.41625089094796863,0.6243654822335025
Random test,Random forest,0.41696364932287955,0.6243654822335025
Random test,Random forest,0.41696364932287955,0.6345177664974619
Random test,Random forest,0.42052744119743407,0.6345177664974619
Random test,Random forest,0.42052744119743407,0.649746192893401
Random test,Random forest,0.42836778332145403,0.649746192893401
Random test,Random forest,0.42836778332145403,0.6548223350253807
Random test,Random forest,0.4333570919458304,0.6548223350253807
Random test,Random forest,0.4333570919458304,0.6598984771573604
Random test,Random forest,0.43763364219529577,0.6598984771573604
Random test,Random forest,0.43763364219529577,0.6649746192893401
Random test,Random forest,0.4397719173200285,0.6649746192893401
Random test,Random forest,0.4397719173200285,0.6700507614213198
Random test,Random forest,0.45260156806842483,0.6700507614213198
Random test,Random forest,0.45260156806842483,0.6751269035532995
Random test,Random forest,0.46186742694226657,0.6751269035532995
Random test,Random forest,0.46186742694226657,0.6802030456852792
Random test,Random forest,0.47255880256593014,0.6802030456852792
Random test,Random forest,0.47255880256593014,0.6852791878172588
Random test,Random forest,0.49607982893799,0.6852791878172588
Random test,Random forest,0.49607982893799,0.6903553299492385
Random test,Random forest,0.49750534568781185,0.6903553299492385
Random test,Random forest,0.49750534568781185,0.6954314720812182
Random test,Random forest,0.5146115466856735,0.6954314720812182
Random test,Random forest,0.5146115466856735,0.700507614213198
Random test,Random forest,0.5153243050605845,0.700507614213198
Random test,Random forest,0.5153243050605845,0.7055837563451777
Random test,Random forest,0.5274411974340698,0.7055837563451777
Random test,Random forest,0.5274411974340698,0.7157360406091371
Random test,Random forest,0.5424091233071988,0.7157360406091371
Random test,Random forest,0.5424091233071988,0.7208121827411168
Random test,Random forest,0.5459729151817534,0.7208121827411168
Random test,Random forest,0.5459729151817534,0.7258883248730964
Random test,Random forest,0.5481111903064861,0.7258883248730964
Random test,Random forest,0.5481111903064861,0.7309644670050761
Random test,Random forest,0.5488239486813971,0.7309644670050761
Random test,Random forest,0.5488239486813971,0.7360406091370558
Random test,Random forest,0.5509622238061297,0.7360406091370558
Random test,Random forest,0.5509622238061297,0.7411167512690355
Random test,Random forest,0.5516749821810406,0.7411167512690355
Random test,Random forest,0.5516749821810406,0.7461928934010152
Random test,Random forest,0.5588025659301497,0.7461928934010152
Random test,Random forest,0.5588025659301497,0.751269035532995
Random test,Random forest,0.5680684248039914,0.751269035532995
Random test,Random forest,0.5680684248039914,0.7614213197969543
Random test,Random forest,0.5723449750534568,0.7614213197969543
Random test,Random forest,0.5723449750534568,0.766497461928934
Random test,Random forest,0.5751960085531005,0.766497461928934
Random test,Random forest,0.5751960085531005,0.7715736040609137
Random test,Random forest,0.5780470420527442,0.7715736040609137
Random test,Random forest,0.5780470420527442,0.7766497461928934
Random test,Random forest,0.5887384176764077,0.7766497461928934
Random test,Random forest,0.5887384176764077,0.7817258883248731
Random test,Random forest,0.6008553100498931,0.7817258883248731
Random test,Random forest,0.6008553100498931,0.7868020304568528
Random test,Random forest,0.6101211689237348,0.7868020304568528
Random test,Random forest,0.6101211689237348,0.7918781725888325
Random test,Random forest,0.6143977191732003,0.7918781725888325
Random test,Random forest,0.6143977191732003,0.7969543147208121
Random test,Random forest,0.6293656450463293,0.7969543147208121
Random test,Random forest,0.6293656450463293,0.8020304568527918
Random test,Random forest,0.6407697790449037,0.8020304568527918
Random test,Random forest,0.6407697790449037,0.8071065989847716
Random test,Random forest,0.6685673556664291,0.8071065989847716
Random test,Random forest,0.6685673556664291,0.817258883248731
Random test,Random forest,0.6699928724162509,0.817258883248731
Random test,Random forest,0.6699928724162509,0.8223350253807107
Random test,Random forest,0.6828225231646472,0.8223350253807107
Random test,Random forest,0.6828225231646472,0.8274111675126904
Random test,Random forest,0.6956521739130435,0.8274111675126904
Random test,Random forest,0.6956521739130435,0.8324873096446701
Random test,Random forest,0.7084818246614397,0.8324873096446701
Random test,Random forest,0.7084818246614397,0.8375634517766497
Random test,Random forest,0.7113328581610834,0.8375634517766497
Random test,Random forest,0.7113328581610834,0.8426395939086294
Random test,Random forest,0.714183891660727,0.8426395939086294
Random test,Random forest,0.714183891660727,0.8477157360406091
Random test,Random forest,0.722024233784747,0.8477157360406091
Random test,Random forest,0.722024233784747,0.8527918781725888
Random test,Random forest,0.7248752672843906,0.8527918781725888
Random test,Random forest,0.7248752672843906,0.8578680203045685
Random test,Random forest,0.7327156094084105,0.8578680203045685
Random test,Random forest,0.7327156094084105,0.8629441624365483
Random test,Random forest,0.751960085531005,0.8629441624365483
Random test,Random forest,0.751960085531005,0.8730964467005076
Random test,Random forest,0.7555238774055595,0.8730964467005076
Random test,Random forest,0.7555238774055595,0.8781725888324873
Random test,Random forest,0.7590876692801141,0.8781725888324873
Random test,Random forest,0.7590876692801141,0.883248730964467
Random test,Random forest,0.7619387027797576,0.883248730964467
Random test,Random forest,0.7619387027797576,0.8883248730964467
Random test,Random forest,0.7783321454027085,0.8883248730964467
Random test,Random forest,0.7783321454027085,0.8984771573604061
Random test,Random forest,0.7868852459016393,0.8984771573604061
Random test,Random forest,0.7868852459016393,0.9035532994923858
Random test,Random forest,0.8011404133998574,0.9035532994923858
Random test,Random forest,0.8011404133998574,0.9086294416243654
Random test,Random forest,0.8032786885245902,0.9086294416243654
Random test,Random forest,0.8032786885245902,0.9137055837563451
Random test,Random forest,0.8111190306486101,0.9137055837563451
Random test,Random forest,0.8111190306486101,0.9187817258883249
Random test,Random forest,0.8168210976478973,0.9187817258883249
Random test,Random forest,0.8168210976478973,0.9238578680203046
Random test,Random forest,0.8239486813970064,0.9238578680203046
Random test,Random forest,0.8239486813970064,0.9289340101522843
Random test,Random forest,0.8317890235210263,0.9289340101522843
Random test,Random forest,0.8317890235210263,0.934010152284264
Random test,Random forest,0.8417676407697791,0.934010152284264
Random test,Random forest,0.8417676407697791,0.9390862944162437
Random test,Random forest,0.8545972915181753,0.9390862944162437
Random test,Random forest,0.8545972915181753,0.9441624365482234
Random test,Random forest,0.8581610833927299,0.9441624365482234
Random test,Random forest,0.8581610833927299,0.949238578680203
Random test,Random forest,0.8617248752672844,0.949238578680203
Random test,Random forest,0.8617248752672844,0.9543147208121827
Random test,Random forest,0.8660014255167499,0.9543147208121827
Random test,Random forest,0.8660014255167499,0.9593908629441624
Random test,Random forest,0.880256593014968,0.9593908629441624
Random test,Random forest,0.880256593014968,0.9644670050761421
Random test,Random forest,0.947255880256593,0.9644670050761421
Random test,Random forest,0.947255880256593,0.9695431472081218
Random test,Random forest,0.9600855310049893,0.9695431472081218
Random test,Random forest,0.9600855310049893,0.9746192893401016
Random test,Random forest,0.9665003563791874,0.9746192893401016
Random test,Random forest,0.9665003563791874,0.9796954314720813
Random test,Random forest,0.9714896650035638,0.9796954314720813
Random test,Random forest,0.9714896650035638,0.9847715736040609
Random test,Random forest,0.9893086243763364,0.9847715736040609
Random test,Random forest,0.9893086243763364,0.9898477157360406
Random test,Random forest,0.9914468995010691,0.9898477157360406
Random test,Random forest,0.9914468995010691,0.9949238578680203
Random test,Random forest,0.9950106913756237,0.9949238578680203
Random test,Random forest,0.9950106913756237,1.0
Random test,Random forest,1.0,1.0
Random test,Extra trees,0.0,0.0
Random test,Extra trees,0.0007127583749109052,0.0
Random test,Extra trees,0.0014255167498218105,0.0
Random test,Extra trees,0.0014255167498218105,0.01015228426395939
Random test,Extra trees,0.002851033499643621,0.01015228426395939
Random test,Extra trees,0.002851033499643621,0.015228426395939087
Random test,Extra trees,0.003563791874554526,0.015228426395939087
Random test,Extra trees,0.003563791874554526,0.02030456852791878
Random test,Extra trees,0.004989308624376337,0.02030456852791878
Random test,Extra trees,0.004989308624376337,0.025380710659898477
Random test,Extra trees,0.005702066999287242,0.025380710659898477
Random test,Extra trees,0.005702066999287242,0.030456852791878174
Random test,Extra trees,0.011404133998574484,0.030456852791878174
Random test,Extra trees,0.011404133998574484,0.03553299492385787
Random test,Extra trees,0.012829650748396294,0.03553299492385787
Random test,Extra trees,0.012829650748396294,0.04060913705583756
Random test,Extra trees,0.01781895937277263,0.04060913705583756
Random test,Extra trees,0.01781895937277263,0.050761421319796954
Random test,Extra trees,0.018531717747683536,0.050761421319796954
Random test,Extra trees,0.018531717747683536,0.05583756345177665
Random test,Extra trees,0.019957234497505347,0.05583756345177665
Random test,Extra trees,0.019957234497505347,0.06598984771573604
Random test,Extra trees,0.022095509622238062,0.06598984771573604
Random test,Extra trees,0.022095509622238062,0.07106598984771574
Random test,Extra trees,0.023521026372059873,0.07106598984771574
Random test,Extra trees,0.023521026372059873,0.07614213197969544
Random test,Extra trees,0.024233784746970778,0.07614213197969544
Random test,Extra trees,0.024233784746970778,0.08121827411167512
Random test,Extra trees,0.024946543121881683,0.08121827411167512
Random test,Extra trees,0.024946543121881683,0.08629441624365482
Random test,Extra trees,0.02565930149679259,0.08629441624365482
Random test,Extra trees,0.02565930149679259,0.09644670050761421
Random test,Extra trees,0.0270848182466144,0.09644670050761421
Random test,Extra trees,0.0270848182466144,0.1065989847715736
Random test,Extra trees,0.02851033499643621,0.1065989847715736
Random test,Extra trees,0.02851033499643621,0.1116751269035533
Random test,Extra trees,0.030648610121168925,0.1116751269035533
Random test,Extra trees,0.030648610121168925,0.116751269035533
Random test,Extra trees,0.03278688524590164,0.116751269035533
Random test,Extra trees,0.03278688524590164,0.1218274111675127
Random test,Extra trees,0.03492516037063435,0.1218274111675127
Random test,Extra trees,0.03492516037063435,0.12690355329949238
Random test,Extra trees,0.036350677120456164,0.12690355329949238
Random test,Extra trees,0.036350677120456164,0.1319796954314721
Random test,Extra trees,0.03991446899501069,0.1319796954314721
Random test,Extra trees,0.03991446899501069,0.13705583756345177
Random test,Extra trees,0.047042052744119746,0.13705583756345177
Random test,Extra trees,0.047042052744119746,0.14213197969543148
Random test,Extra trees,0.048467569493941556,0.14213197969543148
Random test,Extra trees,0.048467569493941556,0.15228426395939088
Random test,Extra trees,0.05274411974340699,0.15228426395939088
Random test,Extra trees,0.05274411974340699,0.15736040609137056
Random test,Extra trees,0.05630791161796151,0.15736040609137056
Random test,Extra trees,0.05630791161796151,0.17258883248730963
Random test,Extra trees,0.05915894511760513,0.17258883248730963
Random test,Extra trees,0.05915894511760513,0.17766497461928935
Random test,Extra trees,0.06771204561653599,0.17766497461928935
Random test,Extra trees,0.06771204561653599,0.18274111675126903
Random test,Extra trees,0.0684248039914469,0.18274111675126903
Random test,Extra trees,0.0684248039914469,0.19289340101522842
Random test,Extra trees,0.07483962936564505,0.19289340101522842
Random test,Extra trees,0.07483962936564505,0.19796954314720813
Random test,Extra trees,0.08267997148966501,0.19796954314720813
Random test,Extra trees,0.08267997148966501,0.20304568527918782
Random test,Extra trees,0.08481824661439771,0.20304568527918782
Random test,Extra trees,0.08481824661439771,0.20812182741116753
Random test,Extra trees,0.08980755523877405,0.20812182741116753
Random test,Extra trees,0.08980755523877405,0.2131979695431472
Random test,Extra trees,0.09408410548823949,0.2131979695431472
Random test,Extra trees,0.09408410548823949,0.2233502538071066
Random test,Extra trees,0.09693513898788311,0.2233502538071066
Random test,Extra trees,0.09693513898788311,0.22842639593908629
Random test,Extra trees,0.09836065573770492,0.22842639593908629
Random test,Extra trees,0.09836065573770492,0.233502538071066
Random test,Extra trees,0.09907341411261582,0.233502538071066
Random test,Extra trees,0.09907341411261582,0.23857868020304568
Random test,Extra trees,0.10263720598717035,0.23857868020304568
Random test,Extra trees,0.10263720598717035,0.2436548223350254
Random test,Extra trees,0.10406272273699216,0.2436548223350254
Random test,Extra trees,0.10406272273699216,0.24873096446700507
Random test,Extra trees,0.10762651461154668,0.24873096446700507
Random test,Extra trees,0.10762651461154668,0.25380710659898476
Random test,Extra trees,0.11119030648610122,0.25380710659898476
Random test,Extra trees,0.11119030648610122,0.27411167512690354
Random test,Extra trees,0.12116892373485388,0.27411167512690354
Random test,Extra trees,0.12116892373485388,0.27918781725888325
Random test,Extra trees,0.1233071988595866,0.27918781725888325
Random test,Extra trees,0.1233071988595866,0.28426395939086296
Random test,Extra trees,0.12544547398431932,0.28426395939086296
Random test,Extra trees,0.12544547398431932,0.2893401015228426
Random test,Extra trees,0.13043478260869565,0.2893401015228426
Random test,Extra trees,0.13043478260869565,0.29441624365482233
Random test,Extra trees,0.14041339985744833,0.29441624365482233
Random test,Extra trees,0.14041339985744833,0.30456852791878175
Random test,Extra trees,0.14255167498218105,0.30456852791878175
Random test,Extra trees,0.14255167498218105,0.3096446700507614
Random test,Extra trees,0.14468995010691377,0.3096446700507614
Random test,Extra trees,0.14468995010691377,0.3197969543147208
Random test,Extra trees,0.14682822523164646,0.3197969543147208
Random test,Extra trees,0.14682822523164646,0.3248730964467005
Random test,Extra trees,0.1525302922309337,0.3248730964467005
Random test,Extra trees,0.1525302922309337,0.3299492385786802
Random test,Extra trees,0.16037063435495366,0.3299492385786802
Random test,Extra trees,0.16037063435495366,0.3350253807106599
Random test,Extra trees,0.16250890947968638,0.3350253807106599
Random test,Extra trees,0.16250890947968638,0.3401015228426396
Random test,Extra trees,0.1632216678545973,0.3401015228426396
Random test,Extra trees,0.1632216678545973,0.34517766497461927
Random test,Extra trees,0.16393442622950818,0.34517766497461927
Random test,Extra trees,0.16393442622950818,0.350253807106599
Random test,Extra trees,0.16535994297933002,0.350253807106599
Random test,Extra trees,0.16535994297933002,0.3553299492385787
Random test,Extra trees,0.1767640769779045,0.3553299492385787
Random test,Extra trees,0.1767640769779045,0.36548223350253806
Random test,Extra trees,0.18531717747683535,0.36548223350253806
Random test,Extra trees,0.18531717747683535,0.3756345177664975
Random test,Extra trees,0.18674269422665715,0.3756345177664975
Random test,Extra trees,0.18674269422665715,0.38071065989847713
Random test,Extra trees,0.18745545260156807,0.38071065989847713
Random test,Extra trees,0.18745545260156807,0.38578680203045684
Random test,Extra trees,0.1895937277263008,0.38578680203045684
Random test,Extra trees,0.1895937277263008,0.39086294416243655
Random test,Extra trees,0.1910192444761226,0.39086294416243655
Random test,Extra trees,0.1910192444761226,0.39593908629441626
Random test,Extra trees,0.19529579472558803,0.39593908629441626
Random test,Extra trees,0.19529579472558803,0.4010152284263959
Random test,Extra trees,0.20955096222380612,0.4010152284263959
Random test,Extra trees,0.20955096222380612,0.41116751269035534
Random test,Extra trees,0.21026372059871704,0.41116751269035534
Random test,Extra trees,0.21026372059871704,0.41624365482233505
Random test,Extra trees,0.21097647897362795,0.41624365482233505
Random test,Extra trees,0.21097647897362795,0.4213197969543147
Random test,Extra trees,0.21311475409836064,0.4213197969543147
Random test,Extra trees,0.21311475409836064,0.4263959390862944
Random test,Extra trees,0.21382751247327156,0.4263959390862944
Random test,Extra trees,0.21382751247327156,0.4365482233502538
Random test,Extra trees,0.21454027084818247,0.4365482233502538
Random test,Extra trees,0.21454027084818247,0.4416243654822335
Random test,Extra trees,0.22238061297220243,0.4416243654822335
Random test,Extra trees,0.22238061297220243,0.4467005076142132
Random test,Extra trees,0.23378474697077692,0.4467005076142132
Random test,Extra trees,0.23378474697077692,0.4517766497461929
Random test,Extra trees,0.23521026372059872,0.4517766497461929
Random test,Extra trees,0.23521026372059872,0.45685279187817257
Random test,Extra trees,0.23806129722024233,0.45685279187817257
Random test,Extra trees,0.23806129722024233,0.467005076142132
Random test,Extra trees,0.248039914468995,0.467005076142132
Random test,Extra trees,0.248039914468995,0.4720812182741117
Random test,Extra trees,0.2601568068424804,0.4720812182741117
Random test,Extra trees,0.2601568068424804,0.47715736040609136
Random test,Extra trees,0.26229508196721313,0.47715736040609136
Random test,Extra trees,0.26229508196721313,0.4873096446700508
Random test,Extra trees,0.2637205987170349,0.4873096446700508
Random test,Extra trees,0.2637205987170349,0.49238578680203043
Random test,Extra trees,0.26514611546685674,0.49238578680203043
Random test,Extra trees,0.26514611546685674,0.49746192893401014
Random test,Extra trees,0.26657163221667857,0.49746192893401014
Random test,Extra trees,0.26657163221667857,0.5025380710659898
Random test,Extra trees,0.2672843905915894,0.5025380710659898
Random test,Extra trees,0.2672843905915894,0.5076142131979695
Random test,Extra trees,0.27084818246614395,0.5076142131979695
Random test,Extra trees,0.27084818246614395,0.5126903553299492
Random test,Extra trees,0.2722736992159658,0.5126903553299492
Random test,Extra trees,0.2722736992159658,0.5177664974619289
Random test,Extra trees,0.2815395580898076,0.5177664974619289
Random test,Extra trees,0.2815395580898076,0.5228426395939086
Random test,Extra trees,0.28296507483962935,0.5228426395939086
Random test,Extra trees,0.28296507483962935,0.5279187817258884
Random test,Extra trees,0.2843905915894512,0.5279187817258884
Random test,Extra trees,0.2843905915894512,0.5329949238578681
Random test,Extra trees,0.2908054169636493,0.5329949238578681
Random test,Extra trees,0.2908054169636493,0.5380710659898477
Random test,Extra trees,0.29223093371347114,0.5380710659898477
Random test,Extra trees,0.29223093371347114,0.5431472081218274
Random test,Extra trees,0.2936564504632929,0.5431472081218274
Random test,Extra trees,0.2936564504632929,0.5482233502538071
Random test,Extra trees,0.32216678545972915,0.5482233502538071
Random test,Extra trees,0.32216678545972915,0.5532994923857868
Random test,Extra trees,0.32430506058446185,0.5532994923857868
Random test,Extra trees,0.32430506058446185,0.5583756345177665
Random test,Extra trees,0.3285816108339273,0.5583756345177665
Random test,Extra trees,0.3285816108339273,0.5634517766497462
Random test,Extra trees,0.3328581610833927,0.5634517766497462
Random test,Extra trees,0.3328581610833927,0.5685279187817259
Random test,Extra trees,0.34568781183178904,0.5685279187817259
Random test,Extra trees,0.34568781183178904,0.5736040609137056
Random test,Extra trees,0.35067712045616534,0.5736040609137056
Random test,Extra trees,0.35067712045616534,0.5786802030456852
Random test,Extra trees,0.35210263720598717,0.5786802030456852
Random test,Extra trees,0.35210263720598717,0.583756345177665
Random test,Extra trees,0.353528153955809,0.583756345177665
Random test,Extra trees,0.353528153955809,0.5888324873096447
Random test,Extra trees,0.3592302209550962,0.5888324873096447
Random test,Extra trees,0.3592302209550962,0.5939086294416244
Random test,Extra trees,0.36635780470420526,0.5939086294416244
Random test,Extra trees,0.36635780470420526,0.5989847715736041
Random test,Extra trees,0.37562366357804705,0.5989847715736041
Random test,Extra trees,0.37562366357804705,0.6040609137055838
Random test,Extra trees,0.37633642195295797,0.6040609137055838
Random test,Extra trees,0.37633642195295797,0.6091370558375635
Random test,Extra trees,0.38417676407697793,0.6091370558375635
Random test,Extra trees,0.38417676407697793,0.6142131979695431
Random test,Extra trees,0.3856022808267997,0.6142131979695431
Random test,Extra trees,0.3856022808267997,0.6192893401015228
Random test,Extra trees,0.38774055595153245,0.6192893401015228
Random test,Extra trees,0.38774055595153245,0.6243654822335025
Random test,Extra trees,0.4012829650748396,0.6243654822335025
Random test,Extra trees,0.4012829650748396,0.6294416243654822
Random test,Extra trees,0.4091233071988596,0.6294416243654822
Random test,Extra trees,0.4091233071988596,0.6345177664974619
Random test,Extra trees,0.413399857448325,0.6345177664974619
Random test,Extra trees,0.413399857448325,0.6395939086294417
Random test,Extra trees,0.41411261582323594,0.6395939086294417
Random test,Extra trees,0.41411261582323594,0.6446700507614214
Random test,Extra trees,0.41625089094796863,0.6446700507614214
Random test,Extra trees,0.41625089094796863,0.649746192893401
Random test,Extra trees,0.42908054169636495,0.649746192893401
Random test,Extra trees,0.42908054169636495,0.6548223350253807
Random test,Extra trees,0.43406985032074125,0.6548223350253807
Random test,Extra trees,0.43406985032074125,0.6598984771573604
Random test,Extra trees,0.4426229508196721,0.6598984771573604
Random test,Extra trees,0.4426229508196721,0.6649746192893401
Random test,Extra trees,0.451176051318603,0.6649746192893401
Random test,Extra trees,0.451176051318603,0.6700507614213198
Random test,Extra trees,0.4518888096935139,0.6700507614213198
Random test,Extra trees,0.4518888096935139,0.6751269035532995
Random test,Extra trees,0.45830363506771205,0.6751269035532995
Random test,Extra trees,0.45830363506771205,0.6802030456852792
Random test,Extra trees,0.4632929436920884,0.6802030456852792
Random test,Extra trees,0.4632929436920884,0.6852791878172588
Random test,Extra trees,0.4640057020669993,0.6852791878172588
Random test,Extra trees,0.4640057020669993,0.6903553299492385
Random test,Extra trees,0.47255880256593014,0.6903553299492385
Random test,Extra trees,0.47255880256593014,0.6954314720812182
Random test,Extra trees,0.4768353528153956,0.6954314720812182
Random test,Extra trees,0.4768353528153956,0.700507614213198
Random test,Extra trees,0.4789736279401283,0.700507614213198
Random test,Extra trees,0.4789736279401283,0.7055837563451777
Random test,Extra trees,0.4803991446899501,0.7055837563451777
Random test,Extra trees,0.4803991446899501,0.7106598984771574
Random test,Extra trees,0.4868139700641482,0.7106598984771574
Random test,Extra trees,0.4868139700641482,0.7157360406091371
Random test,Extra trees,0.48823948681397006,0.7157360406091371
Random test,Extra trees,0.48823948681397006,0.7208121827411168
Random test,Extra trees,0.5117605131860299,0.7208121827411168
Random test,Extra trees,0.5117605131860299,0.7258883248730964
Random test,Extra trees,0.518888096935139,0.7258883248730964
Random test,Extra trees,0.518888096935139,0.7309644670050761
Random test,Extra trees,0.5203136136849608,0.7309644670050761
Random test,Extra trees,0.5203136136849608,0.7360406091370558
Random test,Extra trees,0.5217391304347826,0.7360406091370558
Random test,Extra trees,0.5217391304347826,0.7411167512690355
Random test,Extra trees,0.5345687811831789,0.7411167512690355
Random test,Extra trees,0.5345687811831789,0.7461928934010152
Random test,Extra trees,0.5402708481824662,0.7461928934010152
Random test,Extra trees,0.5402708481824662,0.751269035532995
Random test,Extra trees,0.5409836065573771,0.751269035532995
Random test,Extra trees,0.5409836065573771,0.7563451776649747
Random test,Extra trees,0.5452601568068425,0.7563451776649747
Random test,Extra trees,0.5452601568068425,0.7614213197969543
Random test,Extra trees,0.5538132573057734,0.7614213197969543
Random test,Extra trees,0.5538132573057734,0.766497461928934
Random test,Extra trees,0.5609408410548824,0.766497461928934
Random test,Extra trees,0.5609408410548824,0.7715736040609137
Random test,Extra trees,0.5759087669280114,0.7715736040609137
Random test,Extra trees,0.5759087669280114,0.7766497461928934
Random test,Extra trees,0.5880256593014968,0.7766497461928934
Random test,Extra trees,0.5880256593014968,0.7868020304568528
Random test,Extra trees,0.5923022095509622,0.7868020304568528
Random test,Extra trees,0.5923022095509622,0.7918781725888325
Random test,Extra trees,0.5965787598004276,0.7918781725888325
Random test,Extra trees,0.5965787598004276,0.7969543147208121
Random test,Extra trees,0.5994297933000713,0.7969543147208121
Random test,Extra trees,0.5994297933000713,0.8020304568527918
Random test,Extra trees,0.6115466856735566,0.8020304568527918
Random test,Extra trees,0.6115466856735566,0.8071065989847716
Random test,Extra trees,0.6193870277975766,0.8071065989847716
Random test,Extra trees,0.6193870277975766,0.8121827411167513
Random test,Extra trees,0.631503920171062,0.8121827411167513
Random test,Extra trees,0.631503920171062,0.817258883248731
Random test,Extra trees,0.6450463292943692,0.817258883248731
Random test,Extra trees,0.6450463292943692,0.8223350253807107
Random test,Extra trees,0.6457590876692801,0.8223350253807107
Random test,Extra trees,0.6457590876692801,0.8274111675126904
Random test,Extra trees,0.6550249465431219,0.8274111675126904
Random test,Extra trees,0.6550249465431219,0.8324873096446701
Random test,Extra trees,0.6664290805416964,0.8324873096446701
Random test,Extra trees,0.6664290805416964,0.8375634517766497
Random test,Extra trees,0.6742694226657163,0.8375634517766497
Random test,Extra trees,0.6742694226657163,0.8426395939086294
Random test,Extra trees,0.6928011404133999,0.8426395939086294
Random test,Extra trees,0.6928011404133999,0.8477157360406091
Random test,Extra trees,0.6949394155381325,0.8477157360406091
Random test,Extra trees,0.6949394155381325,0.8527918781725888
Random test,Extra trees,0.7042052744119743,0.8527918781725888
Random test,Extra trees,0.7042052744119743,0.8578680203045685
Random test,Extra trees,0.7056307911617962,0.8578680203045685
Random test,Extra trees,0.7056307911617962,0.8629441624365483
Random test,Extra trees,0.7063435495367071,0.8629441624365483
Random test,Extra trees,0.7063435495367071,0.868020304568528
Random test,Extra trees,0.7127583749109052,0.868020304568528
Random test,Extra trees,0.7127583749109052,0.8730964467005076
Random test,Extra trees,0.7277263007840342,0.8730964467005076
Random test,Extra trees,0.7277263007840342,0.8781725888324873
Random test,Extra trees,0.7469707769066286,0.8781725888324873
Random test,Extra trees,0.7469707769066286,0.883248730964467
Random test,Extra trees,0.7540983606557377,0.883248730964467
Random test,Extra trees,0.7540983606557377,0.8883248730964467
Random test,Extra trees,0.7712045616535994,0.8883248730964467
Random test,Extra trees,0.7712045616535994,0.8934010152284264
Random test,Extra trees,0.7954383464005702,0.8934010152284264
Random test,Extra trees,0.7954383464005702,0.8984771573604061
Random test,Extra trees,0.8004276550249465,0.8984771573604061
Random test,Extra trees,0.8004276550249465,0.9035532994923858
Random test,Extra trees,0.8061297220242338,0.9035532994923858
Random test,Extra trees,0.8061297220242338,0.9086294416243654
Random test,Extra trees,0.8139700641482538,0.9086294416243654
Random test,Extra trees,0.8139700641482538,0.9137055837563451
Random test,Extra trees,0.8225231646471846,0.9137055837563451
Random test,Extra trees,0.8225231646471846,0.9187817258883249
Random test,Extra trees,0.8289379900213828,0.9187817258883249
Random test,Extra trees,0.8289379900213828,0.9289340101522843
Random test,Extra trees,0.8403421240199572,0.9289340101522843
Random test,Extra trees,0.8403421240199572,0.934010152284264
Random test,Extra trees,0.8431931575196009,0.934010152284264
Random test,Extra trees,0.8431931575196009,0.9390862944162437
Random test,Extra trees,0.8688524590163934,0.9390862944162437
Random test,Extra trees,0.8688524590163934,0.9441624365482234
Random test,Extra trees,0.8774055595153243,0.9441624365482234
Random test,Extra trees,0.8774055595153243,0.949238578680203
Random test,Extra trees,0.8809693513898789,0.949238578680203
Random test,Extra trees,0.8809693513898789,0.9543147208121827
Random test,Extra trees,0.8823948681397007,0.9543147208121827
Random test,Extra trees,0.8823948681397007,0.9644670050761421
Random test,Extra trees,0.8852459016393442,0.9644670050761421
Random test,Extra trees,0.8852459016393442,0.9695431472081218
Random test,Extra trees,0.9052031361368497,0.9695431472081218
Random test,Extra trees,0.9052031361368497,0.9746192893401016
Random test,Extra trees,0.9379900213827512,0.9746192893401016
Random test,Extra trees,0.9379900213827512,0.9796954314720813
Random test,Extra trees,0.9422665716322167,0.9796954314720813
Random test,Extra trees,0.9422665716322167,0.9847715736040609
Random test,Extra trees,0.9629365645046329,0.9847715736040609
Random test,Extra trees,0.9629365645046329,0.9898477157360406
Random test,Extra trees,0.9657875980042766,0.9898477157360406
Random test,Extra trees,0.9657875980042766,0.9949238578680203
Random test,Extra trees,0.9722024233784747,0.9949238578680203
Random test,Extra trees,0.9722024233784747,1.0
Random test,Extra trees,1.0,1.0
Random test,HistGradientBoosting,0.0,0.0
Random test,HistGradientBoosting,0.0007127583749109052,0.0
Random test,HistGradientBoosting,0.0014255167498218105,0.0
Random test,HistGradientBoosting,0.0014255167498218105,0.01015228426395939
Random test,HistGradientBoosting,0.003563791874554526,0.01015228426395939
Random test,HistGradientBoosting,0.003563791874554526,0.02030456852791878
Random test,HistGradientBoosting,0.0042765502494654314,0.02030456852791878
Random test,HistGradientBoosting,0.0042765502494654314,0.025380710659898477
Random test,HistGradientBoosting,0.004989308624376337,0.025380710659898477
Random test,HistGradientBoosting,0.004989308624376337,0.030456852791878174
Random test,HistGradientBoosting,0.006414825374198147,0.030456852791878174
Random test,HistGradientBoosting,0.006414825374198147,0.03553299492385787
Random test,HistGradientBoosting,0.009265858873841768,0.03553299492385787
Random test,HistGradientBoosting,0.009265858873841768,0.04060913705583756
Random test,HistGradientBoosting,0.010691375623663579,0.04060913705583756
Random test,HistGradientBoosting,0.010691375623663579,0.04568527918781726
Random test,HistGradientBoosting,0.011404133998574484,0.04568527918781726
Random test,HistGradientBoosting,0.011404133998574484,0.050761421319796954
Random test,HistGradientBoosting,0.01639344262295082,0.050761421319796954
Random test,HistGradientBoosting,0.01639344262295082,0.05583756345177665
Random test,HistGradientBoosting,0.017106200997861726,0.05583756345177665
Random test,HistGradientBoosting,0.017106200997861726,0.06091370558375635
Random test,HistGradientBoosting,0.018531717747683536,0.06091370558375635
Random test,HistGradientBoosting,0.018531717747683536,0.07106598984771574
Random test,HistGradientBoosting,0.024946543121881683,0.07106598984771574
Random test,HistGradientBoosting,0.024946543121881683,0.07614213197969544
Random test,HistGradientBoosting,0.02851033499643621,0.07614213197969544
Random test,HistGradientBoosting,0.02851033499643621,0.08629441624365482
Random test,HistGradientBoosting,0.03349964362081254,0.08629441624365482
Random test,HistGradientBoosting,0.03349964362081254,0.09137055837563451
Random test,HistGradientBoosting,0.03563791874554526,0.09137055837563451
Random test,HistGradientBoosting,0.03563791874554526,0.10152284263959391
Random test,HistGradientBoosting,0.041339985744832504,0.10152284263959391
Random test,HistGradientBoosting,0.041339985744832504,0.1116751269035533
Random test,HistGradientBoosting,0.042765502494654314,0.1116751269035533
Random test,HistGradientBoosting,0.042765502494654314,0.116751269035533
Random test,HistGradientBoosting,0.043478260869565216,0.116751269035533
Random test,HistGradientBoosting,0.043478260869565216,0.1218274111675127
Random test,HistGradientBoosting,0.045616535994297935,0.1218274111675127
Random test,HistGradientBoosting,0.045616535994297935,0.12690355329949238
Random test,HistGradientBoosting,0.047042052744119746,0.12690355329949238
Random test,HistGradientBoosting,0.047042052744119746,0.1319796954314721
Random test,HistGradientBoosting,0.05559515324305061,0.1319796954314721
Random test,HistGradientBoosting,0.05559515324305061,0.14213197969543148
Random test,HistGradientBoosting,0.05630791161796151,0.14213197969543148
Random test,HistGradientBoosting,0.05630791161796151,0.14720812182741116
Random test,HistGradientBoosting,0.06129722024233785,0.14720812182741116
Random test,HistGradientBoosting,0.06129722024233785,0.15736040609137056
Random test,HistGradientBoosting,0.06200997861724875,0.15736040609137056
Random test,HistGradientBoosting,0.06200997861724875,0.16243654822335024
Random test,HistGradientBoosting,0.06557377049180328,0.16243654822335024
Random test,HistGradientBoosting,0.06557377049180328,0.16751269035532995
Random test,HistGradientBoosting,0.07555238774055595,0.16751269035532995
Random test,HistGradientBoosting,0.07555238774055595,0.17258883248730963
Random test,HistGradientBoosting,0.07840342124019957,0.17258883248730963
Random test,HistGradientBoosting,0.07840342124019957,0.17766497461928935
Random test,HistGradientBoosting,0.07982893799002139,0.17766497461928935
Random test,HistGradientBoosting,0.07982893799002139,0.18781725888324874
Random test,HistGradientBoosting,0.08054169636493229,0.18781725888324874
Random test,HistGradientBoosting,0.08054169636493229,0.19289340101522842
Random test,HistGradientBoosting,0.08553100498930863,0.19289340101522842
Random test,HistGradientBoosting,0.08553100498930863,0.19796954314720813
Random test,HistGradientBoosting,0.08909479686386315,0.19796954314720813
Random test,HistGradientBoosting,0.08909479686386315,0.20812182741116753
Random test,HistGradientBoosting,0.08980755523877405,0.20812182741116753
Random test,HistGradientBoosting,0.08980755523877405,0.2131979695431472
Random test,HistGradientBoosting,0.09123307198859587,0.2131979695431472
Random test,HistGradientBoosting,0.09123307198859587,0.2182741116751269
Random test,HistGradientBoosting,0.0962223806129722,0.2182741116751269
Random test,HistGradientBoosting,0.0962223806129722,0.22842639593908629
Random test,HistGradientBoosting,0.10334996436208126,0.22842639593908629
Random test,HistGradientBoosting,0.10334996436208126,0.233502538071066
Random test,HistGradientBoosting,0.10477548111190306,0.233502538071066
Random test,HistGradientBoosting,0.10477548111190306,0.23857868020304568
Random test,HistGradientBoosting,0.1104775481111903,0.23857868020304568
Random test,HistGradientBoosting,0.1104775481111903,0.2436548223350254
Random test,HistGradientBoosting,0.11974340698503208,0.2436548223350254
Random test,HistGradientBoosting,0.11974340698503208,0.24873096446700507
Random test,HistGradientBoosting,0.13043478260869565,0.24873096446700507
Random test,HistGradientBoosting,0.13043478260869565,0.25888324873096447
Random test,HistGradientBoosting,0.1347113328581611,0.25888324873096447
Random test,HistGradientBoosting,0.1347113328581611,0.2639593908629442
Random test,HistGradientBoosting,0.13542409123307197,0.2639593908629442
Random test,HistGradientBoosting,0.13542409123307197,0.26903553299492383
Random test,HistGradientBoosting,0.13898788310762653,0.26903553299492383
Random test,HistGradientBoosting,0.13898788310762653,0.27411167512690354
Random test,HistGradientBoosting,0.14468995010691377,0.27411167512690354
Random test,HistGradientBoosting,0.14468995010691377,0.27918781725888325
Random test,HistGradientBoosting,0.1496792587312901,0.27918781725888325
Random test,HistGradientBoosting,0.1496792587312901,0.28426395939086296
Random test,HistGradientBoosting,0.1518175338560228,0.28426395939086296
Random test,HistGradientBoosting,0.1518175338560228,0.2893401015228426
Random test,HistGradientBoosting,0.1525302922309337,0.2893401015228426
Random test,HistGradientBoosting,0.1525302922309337,0.29949238578680204
Random test,HistGradientBoosting,0.1646471846044191,0.29949238578680204
Random test,HistGradientBoosting,0.1646471846044191,0.30456852791878175
Random test,HistGradientBoosting,0.17462580185317178,0.30456852791878175
Random test,HistGradientBoosting,0.17462580185317178,0.3096446700507614
Random test,HistGradientBoosting,0.1767640769779045,0.3096446700507614
Random test,HistGradientBoosting,0.1767640769779045,0.3197969543147208
Random test,HistGradientBoosting,0.1781895937277263,0.3197969543147208
Random test,HistGradientBoosting,0.1781895937277263,0.3248730964467005
Random test,HistGradientBoosting,0.1810406272273699,0.3248730964467005
Random test,HistGradientBoosting,0.1810406272273699,0.3401015228426396
Random test,HistGradientBoosting,0.18175338560228083,0.3401015228426396
Random test,HistGradientBoosting,0.18175338560228083,0.34517766497461927
Random test,HistGradientBoosting,0.18246614397719174,0.34517766497461927
Random test,HistGradientBoosting,0.18246614397719174,0.350253807106599
Random test,HistGradientBoosting,0.18389166072701355,0.350253807106599
Random test,HistGradientBoosting,0.18389166072701355,0.3553299492385787
Random test,HistGradientBoosting,0.1903064861012117,0.3553299492385787
Random test,HistGradientBoosting,0.1903064861012117,0.36548223350253806
Random test,HistGradientBoosting,0.1910192444761226,0.36548223350253806
Random test,HistGradientBoosting,0.1910192444761226,0.37055837563451777
Random test,HistGradientBoosting,0.1945830363506771,0.37055837563451777
Random test,HistGradientBoosting,0.1945830363506771,0.3756345177664975
Random test,HistGradientBoosting,0.20028510334996436,0.3756345177664975
Random test,HistGradientBoosting,0.20028510334996436,0.38071065989847713
Random test,HistGradientBoosting,0.20099786172487527,0.38071065989847713
Random test,HistGradientBoosting,0.20099786172487527,0.4010152284263959
Random test,HistGradientBoosting,0.20242337847469707,0.4010152284263959
Random test,HistGradientBoosting,0.20242337847469707,0.40609137055837563
Random test,HistGradientBoosting,0.2052744119743407,0.40609137055837563
Random test,HistGradientBoosting,0.2052744119743407,0.41116751269035534
Random test,HistGradientBoosting,0.20955096222380612,0.41116751269035534
Random test,HistGradientBoosting,0.20955096222380612,0.41624365482233505
Random test,HistGradientBoosting,0.21382751247327156,0.41624365482233505
Random test,HistGradientBoosting,0.21382751247327156,0.4213197969543147
Random test,HistGradientBoosting,0.21739130434782608,0.4213197969543147
Random test,HistGradientBoosting,0.21739130434782608,0.4263959390862944
Random test,HistGradientBoosting,0.2209550962223806,0.4263959390862944
Random test,HistGradientBoosting,0.2209550962223806,0.4365482233502538
Random test,HistGradientBoosting,0.22238061297220243,0.4365482233502538
Random test,HistGradientBoosting,0.22238061297220243,0.4416243654822335
Random test,HistGradientBoosting,0.22879543834640056,0.4416243654822335
Random test,HistGradientBoosting,0.22879543834640056,0.4467005076142132
Random test,HistGradientBoosting,0.233071988595866,0.4467005076142132
Random test,HistGradientBoosting,0.233071988595866,0.4517766497461929
Random test,HistGradientBoosting,0.23663578047042053,0.4517766497461929
Random test,HistGradientBoosting,0.23663578047042053,0.45685279187817257
Random test,HistGradientBoosting,0.23948681397006416,0.45685279187817257
Random test,HistGradientBoosting,0.23948681397006416,0.4619289340101523
Random test,HistGradientBoosting,0.24162508909479685,0.4619289340101523
Random test,HistGradientBoosting,0.24162508909479685,0.467005076142132
Random test,HistGradientBoosting,0.2451888809693514,0.467005076142132
Random test,HistGradientBoosting,0.2451888809693514,0.48223350253807107
Random test,HistGradientBoosting,0.2473271560940841,0.48223350253807107
Random test,HistGradientBoosting,0.2473271560940841,0.49238578680203043
Random test,HistGradientBoosting,0.24875267284390593,0.49238578680203043
Random test,HistGradientBoosting,0.24875267284390593,0.49746192893401014
Random test,HistGradientBoosting,0.2594440484675695,0.49746192893401014
Random test,HistGradientBoosting,0.2594440484675695,0.5076142131979695
Random test,HistGradientBoosting,0.2794012829650748,0.5076142131979695
Random test,HistGradientBoosting,0.2794012829650748,0.5126903553299492
Random test,HistGradientBoosting,0.29864575908766927,0.5126903553299492
Random test,HistGradientBoosting,0.29864575908766927,0.5228426395939086
Random test,HistGradientBoosting,0.3164647184604419,0.5228426395939086
Random test,HistGradientBoosting,0.3164647184604419,0.5279187817258884
Random test,HistGradientBoosting,0.31931575196008555,0.5279187817258884
Random test,HistGradientBoosting,0.31931575196008555,0.5329949238578681
Random test,HistGradientBoosting,0.32501781895937276,0.5329949238578681
Random test,HistGradientBoosting,0.32501781895937276,0.5380710659898477
Random test,HistGradientBoosting,0.33143264433357095,0.5380710659898477
Random test,HistGradientBoosting,0.33143264433357095,0.5431472081218274
Random test,HistGradientBoosting,0.33713471133285816,0.5431472081218274
Random test,HistGradientBoosting,0.33713471133285816,0.5482233502538071
Random test,HistGradientBoosting,0.3421240199572345,0.5482233502538071
Random test,HistGradientBoosting,0.3421240199572345,0.5532994923857868
Random test,HistGradientBoosting,0.3556664290805417,0.5532994923857868
Random test,HistGradientBoosting,0.3556664290805417,0.5583756345177665
Random test,HistGradientBoosting,0.3570919458303635,0.5583756345177665
Random test,HistGradientBoosting,0.3570919458303635,0.5634517766497462
Random test,HistGradientBoosting,0.35780470420527444,0.5634517766497462
Random test,HistGradientBoosting,0.35780470420527444,0.5736040609137056
Random test,HistGradientBoosting,0.3592302209550962,0.5736040609137056
Random test,HistGradientBoosting,0.3592302209550962,0.5786802030456852
Random test,HistGradientBoosting,0.3649322879543835,0.5786802030456852
Random test,HistGradientBoosting,0.3649322879543835,0.5888324873096447
Random test,HistGradientBoosting,0.3713471133285816,0.5888324873096447
Random test,HistGradientBoosting,0.3713471133285816,0.5939086294416244
Random test,HistGradientBoosting,0.38417676407697793,0.5939086294416244
Random test,HistGradientBoosting,0.38417676407697793,0.5989847715736041
Random test,HistGradientBoosting,0.38987883107626514,0.5989847715736041
Random test,HistGradientBoosting,0.38987883107626514,0.6040609137055838
Random test,HistGradientBoosting,0.4091233071988596,0.6040609137055838
Random test,HistGradientBoosting,0.4091233071988596,0.6091370558375635
Random test,HistGradientBoosting,0.4148253741981468,0.6091370558375635
Random test,HistGradientBoosting,0.4148253741981468,0.6142131979695431
Random test,HistGradientBoosting,0.4269422665716322,0.6142131979695431
Random test,HistGradientBoosting,0.4269422665716322,0.6192893401015228
Random test,HistGradientBoosting,0.43478260869565216,0.6192893401015228
Random test,HistGradientBoosting,0.43478260869565216,0.6243654822335025
Random test,HistGradientBoosting,0.4354953670705631,0.6243654822335025
Random test,HistGradientBoosting,0.4354953670705631,0.6294416243654822
Random test,HistGradientBoosting,0.4369208838203849,0.6294416243654822
Random test,HistGradientBoosting,0.4369208838203849,0.6345177664974619
Random test,HistGradientBoosting,0.4419101924447612,0.6345177664974619
Random test,HistGradientBoosting,0.4419101924447612,0.6395939086294417
Random test,HistGradientBoosting,0.4426229508196721,0.6395939086294417
Random test,HistGradientBoosting,0.4426229508196721,0.649746192893401
Random test,HistGradientBoosting,0.44404846756949395,0.649746192893401
Random test,HistGradientBoosting,0.44404846756949395,0.6548223350253807
Random test,HistGradientBoosting,0.45260156806842483,0.6548223350253807
Random test,HistGradientBoosting,0.45260156806842483,0.6598984771573604
Random test,HistGradientBoosting,0.466143977191732,0.6598984771573604
Random test,HistGradientBoosting,0.466143977191732,0.6649746192893401
Random test,HistGradientBoosting,0.46970776906628653,0.6649746192893401
Random test,HistGradientBoosting,0.46970776906628653,0.6700507614213198
Random test,HistGradientBoosting,0.4782608695652174,0.6700507614213198
Random test,HistGradientBoosting,0.4782608695652174,0.6751269035532995
Random test,HistGradientBoosting,0.4789736279401283,0.6751269035532995
Random test,HistGradientBoosting,0.4789736279401283,0.6802030456852792
Random test,HistGradientBoosting,0.48182466143977193,0.6802030456852792
Random test,HistGradientBoosting,0.48182466143977193,0.6903553299492385
Random test,HistGradientBoosting,0.48253741981468284,0.6903553299492385
Random test,HistGradientBoosting,0.48253741981468284,0.6954314720812182
Random test,HistGradientBoosting,0.48538845331432645,0.6954314720812182
Random test,HistGradientBoosting,0.48538845331432645,0.700507614213198
Random test,HistGradientBoosting,0.4932287954383464,0.700507614213198
Random test,HistGradientBoosting,0.4932287954383464,0.7055837563451777
Random test,HistGradientBoosting,0.4953670705630791,0.7055837563451777
Random test,HistGradientBoosting,0.4953670705630791,0.7106598984771574
Random test,HistGradientBoosting,0.5032074126870991,0.7106598984771574
Random test,HistGradientBoosting,0.5032074126870991,0.7157360406091371
Random test,HistGradientBoosting,0.5074839629365645,0.7157360406091371
Random test,HistGradientBoosting,0.5074839629365645,0.7208121827411168
Random test,HistGradientBoosting,0.5317177476835353,0.7208121827411168
Random test,HistGradientBoosting,0.5317177476835353,0.7258883248730964
Random test,HistGradientBoosting,0.5345687811831789,0.7258883248730964
Random test,HistGradientBoosting,0.5345687811831789,0.7309644670050761
Random test,HistGradientBoosting,0.5509622238061297,0.7309644670050761
Random test,HistGradientBoosting,0.5509622238061297,0.7360406091370558
Random test,HistGradientBoosting,0.5694939415538133,0.7360406091370558
Random test,HistGradientBoosting,0.5694939415538133,0.7411167512690355
Random test,HistGradientBoosting,0.5744832501781896,0.7411167512690355
Random test,HistGradientBoosting,0.5744832501781896,0.7461928934010152
Random test,HistGradientBoosting,0.5801853171774768,0.7461928934010152
Random test,HistGradientBoosting,0.5801853171774768,0.751269035532995
Random test,HistGradientBoosting,0.5830363506771205,0.751269035532995
Random test,HistGradientBoosting,0.5830363506771205,0.7563451776649747
Random test,HistGradientBoosting,0.6129722024233785,0.7563451776649747
Random test,HistGradientBoosting,0.6129722024233785,0.7614213197969543
Random test,HistGradientBoosting,0.617248752672844,0.7614213197969543
Random test,HistGradientBoosting,0.617248752672844,0.766497461928934
Random test,HistGradientBoosting,0.6179615110477548,0.766497461928934
Random test,HistGradientBoosting,0.6179615110477548,0.7868020304568528
Random test,HistGradientBoosting,0.6193870277975766,0.7868020304568528
Random test,HistGradientBoosting,0.6193870277975766,0.7918781725888325
Random test,HistGradientBoosting,0.6208125445473984,0.7918781725888325
Random test,HistGradientBoosting,0.6208125445473984,0.7969543147208121
Random test,HistGradientBoosting,0.6293656450463293,0.7969543147208121
Random test,HistGradientBoosting,0.6293656450463293,0.8020304568527918
Random test,HistGradientBoosting,0.6443335709194583,0.8020304568527918
Random test,HistGradientBoosting,0.6443335709194583,0.8071065989847716
Random test,HistGradientBoosting,0.6507483962936564,0.8071065989847716
Random test,HistGradientBoosting,0.6507483962936564,0.8121827411167513
Random test,HistGradientBoosting,0.654312188168211,0.8121827411167513
Random test,HistGradientBoosting,0.654312188168211,0.817258883248731
Random test,HistGradientBoosting,0.6585887384176764,0.817258883248731
Random test,HistGradientBoosting,0.6585887384176764,0.8223350253807107
Random test,HistGradientBoosting,0.6664290805416964,0.8223350253807107
Random test,HistGradientBoosting,0.6664290805416964,0.8274111675126904
Random test,HistGradientBoosting,0.6721311475409836,0.8274111675126904
Random test,HistGradientBoosting,0.6721311475409836,0.8324873096446701
Random test,HistGradientBoosting,0.67712045616536,0.8324873096446701
Random test,HistGradientBoosting,0.67712045616536,0.8375634517766497
Random test,HistGradientBoosting,0.6778332145402709,0.8375634517766497
Random test,HistGradientBoosting,0.6778332145402709,0.8426395939086294
Random test,HistGradientBoosting,0.6806842480399145,0.8426395939086294
Random test,HistGradientBoosting,0.6806842480399145,0.8477157360406091
Random test,HistGradientBoosting,0.6863863150392017,0.8477157360406091
Random test,HistGradientBoosting,0.6863863150392017,0.8527918781725888
Random test,HistGradientBoosting,0.6928011404133999,0.8527918781725888
Random test,HistGradientBoosting,0.6928011404133999,0.8578680203045685
Random test,HistGradientBoosting,0.7063435495367071,0.8578680203045685
Random test,HistGradientBoosting,0.7063435495367071,0.8629441624365483
Random test,HistGradientBoosting,0.714896650035638,0.8629441624365483
Random test,HistGradientBoosting,0.714896650035638,0.868020304568528
Random test,HistGradientBoosting,0.7163221667854597,0.868020304568528
Random test,HistGradientBoosting,0.7163221667854597,0.8730964467005076
Random test,HistGradientBoosting,0.7305773342836779,0.8730964467005076
Random test,HistGradientBoosting,0.7305773342836779,0.8781725888324873
Random test,HistGradientBoosting,0.7334283677833214,0.8781725888324873
Random test,HistGradientBoosting,0.7334283677833214,0.883248730964467
Random test,HistGradientBoosting,0.7377049180327869,0.883248730964467
Random test,HistGradientBoosting,0.7377049180327869,0.8883248730964467
Random test,HistGradientBoosting,0.7476835352815395,0.8883248730964467
Random test,HistGradientBoosting,0.7476835352815395,0.8934010152284264
Random test,HistGradientBoosting,0.7562366357804704,0.8934010152284264
Random test,HistGradientBoosting,0.7562366357804704,0.8984771573604061
Random test,HistGradientBoosting,0.7761938702779758,0.8984771573604061
Random test,HistGradientBoosting,0.7761938702779758,0.9035532994923858
Random test,HistGradientBoosting,0.7875980042765502,0.9035532994923858
Random test,HistGradientBoosting,0.7875980042765502,0.9137055837563451
Random test,HistGradientBoosting,0.7918745545260156,0.9137055837563451
Random test,HistGradientBoosting,0.7918745545260156,0.9187817258883249
Random test,HistGradientBoosting,0.8239486813970064,0.9187817258883249
Random test,HistGradientBoosting,0.8239486813970064,0.9238578680203046
Random test,HistGradientBoosting,0.8303635067712045,0.9238578680203046
Random test,HistGradientBoosting,0.8303635067712045,0.9289340101522843
Random test,HistGradientBoosting,0.8325017818959373,0.9289340101522843
Random test,HistGradientBoosting,0.8325017818959373,0.934010152284264
Random test,HistGradientBoosting,0.8553100498930862,0.934010152284264
Random test,HistGradientBoosting,0.8553100498930862,0.9390862944162437
Random test,HistGradientBoosting,0.8595866001425517,0.9390862944162437
Random test,HistGradientBoosting,0.8595866001425517,0.9441624365482234
Random test,HistGradientBoosting,0.8695652173913043,0.9441624365482234
Random test,HistGradientBoosting,0.8695652173913043,0.949238578680203
Random test,HistGradientBoosting,0.8738417676407698,0.949238578680203
Random test,HistGradientBoosting,0.8738417676407698,0.9543147208121827
Random test,HistGradientBoosting,0.8816821097647898,0.9543147208121827
Random test,HistGradientBoosting,0.8816821097647898,0.9593908629441624
Random test,HistGradientBoosting,0.8838203848895224,0.9593908629441624
Random test,HistGradientBoosting,0.8838203848895224,0.9644670050761421
Random test,HistGradientBoosting,0.887384176764077,0.9644670050761421
Random test,HistGradientBoosting,0.887384176764077,0.9695431472081218
Random test,HistGradientBoosting,0.9337134711332858,0.9695431472081218
Random test,HistGradientBoosting,0.9337134711332858,0.9746192893401016
Random test,HistGradientBoosting,0.9344262295081968,0.9746192893401016
Random test,HistGradientBoosting,0.9344262295081968,0.9796954314720813
Random test,HistGradientBoosting,0.9387027797576621,0.9796954314720813
Random test,HistGradientBoosting,0.9387027797576621,0.9847715736040609
Random test,HistGradientBoosting,0.9508196721311475,0.9847715736040609
Random test,HistGradientBoosting,0.9508196721311475,0.9898477157360406
Random test,HistGradientBoosting,0.99215965787598,0.9898477157360406
Random test,HistGradientBoosting,0.99215965787598,0.9949238578680203
Random test,HistGradientBoosting,0.992872416250891,0.9949238578680203
Random test,HistGradientBoosting,0.992872416250891,1.0
Random test,HistGradientBoosting,1.0,1.0
Random test,XGBoost,0.0,0.0
Random test,XGBoost,0.0,0.005076142131979695
Random test,XGBoost,0.0014255167498218105,0.005076142131979695
Random test,XGBoost,0.0014255167498218105,0.01015228426395939
Random test,XGBoost,0.0042765502494654314,0.01015228426395939
Random test,XGBoost,0.0042765502494654314,0.02030456852791878
Random test,XGBoost,0.005702066999287242,0.02030456852791878
Random test,XGBoost,0.005702066999287242,0.030456852791878174
Random test,XGBoost,0.007840342124019958,0.030456852791878174
Random test,XGBoost,0.007840342124019958,0.03553299492385787
Random test,XGBoost,0.009978617248752673,0.03553299492385787
Random test,XGBoost,0.009978617248752673,0.04568527918781726
Random test,XGBoost,0.012116892373485389,0.04568527918781726
Random test,XGBoost,0.012116892373485389,0.05583756345177665
Random test,XGBoost,0.01496792587312901,0.05583756345177665
Random test,XGBoost,0.01496792587312901,0.06091370558375635
Random test,XGBoost,0.017106200997861726,0.06091370558375635
Random test,XGBoost,0.017106200997861726,0.07106598984771574
Random test,XGBoost,0.021382751247327157,0.07106598984771574
Random test,XGBoost,0.021382751247327157,0.07614213197969544
Random test,XGBoost,0.024233784746970778,0.07614213197969544
Random test,XGBoost,0.024233784746970778,0.08121827411167512
Random test,XGBoost,0.02851033499643621,0.08121827411167512
Random test,XGBoost,0.02851033499643621,0.08629441624365482
Random test,XGBoost,0.02993585174625802,0.08629441624365482
Random test,XGBoost,0.02993585174625802,0.09644670050761421
Random test,XGBoost,0.03136136849607983,0.09644670050761421
Random test,XGBoost,0.03136136849607983,0.1065989847715736
Random test,XGBoost,0.03349964362081254,0.1065989847715736
Random test,XGBoost,0.03349964362081254,0.1116751269035533
Random test,XGBoost,0.03492516037063435,0.1116751269035533
Random test,XGBoost,0.03492516037063435,0.116751269035533
Random test,XGBoost,0.03563791874554526,0.116751269035533
Random test,XGBoost,0.03563791874554526,0.1218274111675127
Random test,XGBoost,0.03848895224518888,0.1218274111675127
Random test,XGBoost,0.03848895224518888,0.12690355329949238
Random test,XGBoost,0.047042052744119746,0.12690355329949238
Random test,XGBoost,0.047042052744119746,0.1319796954314721
Random test,XGBoost,0.048467569493941556,0.1319796954314721
Random test,XGBoost,0.048467569493941556,0.13705583756345177
Random test,XGBoost,0.05131860299358518,0.13705583756345177
Random test,XGBoost,0.05131860299358518,0.14720812182741116
Random test,XGBoost,0.05274411974340699,0.14720812182741116
Random test,XGBoost,0.05274411974340699,0.15228426395939088
Random test,XGBoost,0.05559515324305061,0.15228426395939088
Random test,XGBoost,0.05559515324305061,0.15736040609137056
Random test,XGBoost,0.05773342836778332,0.15736040609137056
Random test,XGBoost,0.05773342836778332,0.16243654822335024
Random test,XGBoost,0.06129722024233785,0.16243654822335024
Random test,XGBoost,0.06129722024233785,0.17258883248730963
Random test,XGBoost,0.06200997861724875,0.17258883248730963
Random test,XGBoost,0.06200997861724875,0.18274111675126903
Random test,XGBoost,0.0698503207412687,0.18274111675126903
Random test,XGBoost,0.0698503207412687,0.18781725888324874
Random test,XGBoost,0.08054169636493229,0.18781725888324874
Random test,XGBoost,0.08054169636493229,0.19796954314720813
Random test,XGBoost,0.08267997148966501,0.19796954314720813
Random test,XGBoost,0.08267997148966501,0.20304568527918782
Random test,XGBoost,0.09052031361368496,0.20304568527918782
Random test,XGBoost,0.09052031361368496,0.20812182741116753
Random test,XGBoost,0.09337134711332858,0.20812182741116753
Random test,XGBoost,0.09337134711332858,0.2131979695431472
Random test,XGBoost,0.0947968638631504,0.2131979695431472
Random test,XGBoost,0.0947968638631504,0.2182741116751269
Random test,XGBoost,0.0962223806129722,0.2182741116751269
Random test,XGBoost,0.0962223806129722,0.2233502538071066
Random test,XGBoost,0.09693513898788311,0.2233502538071066
Random test,XGBoost,0.09693513898788311,0.233502538071066
Random test,XGBoost,0.10049893086243764,0.233502538071066
Random test,XGBoost,0.10049893086243764,0.23857868020304568
Random test,XGBoost,0.10121168923734854,0.23857868020304568
Random test,XGBoost,0.10121168923734854,0.24873096446700507
Random test,XGBoost,0.10406272273699216,0.24873096446700507
Random test,XGBoost,0.10406272273699216,0.25380710659898476
Random test,XGBoost,0.1083392729864576,0.25380710659898476
Random test,XGBoost,0.1083392729864576,0.2639593908629442
Random test,XGBoost,0.1104775481111903,0.2639593908629442
Random test,XGBoost,0.1104775481111903,0.26903553299492383
Random test,XGBoost,0.11261582323592302,0.26903553299492383
Random test,XGBoost,0.11261582323592302,0.27918781725888325
Random test,XGBoost,0.11475409836065574,0.27918781725888325
Random test,XGBoost,0.11475409836065574,0.28426395939086296
Random test,XGBoost,0.11617961511047754,0.28426395939086296
Random test,XGBoost,0.11617961511047754,0.2893401015228426
Random test,XGBoost,0.11760513186029936,0.2893401015228426
Random test,XGBoost,0.11760513186029936,0.29441624365482233
Random test,XGBoost,0.1261582323592302,0.29441624365482233
Random test,XGBoost,0.1261582323592302,0.30456852791878175
Random test,XGBoost,0.12687099073414113,0.30456852791878175
Random test,XGBoost,0.12687099073414113,0.3096446700507614
Random test,XGBoost,0.13043478260869565,0.3096446700507614
Random test,XGBoost,0.13043478260869565,0.3147208121827411
Random test,XGBoost,0.13186029935851745,0.3147208121827411
Random test,XGBoost,0.13186029935851745,0.3197969543147208
Random test,XGBoost,0.1375623663578047,0.3197969543147208
Random test,XGBoost,0.1375623663578047,0.3248730964467005
Random test,XGBoost,0.13898788310762653,0.3248730964467005
Random test,XGBoost,0.13898788310762653,0.3299492385786802
Random test,XGBoost,0.14326443335709194,0.3299492385786802
Random test,XGBoost,0.14326443335709194,0.3350253807106599
Random test,XGBoost,0.14468995010691377,0.3350253807106599
Random test,XGBoost,0.14468995010691377,0.3401015228426396
Random test,XGBoost,0.1518175338560228,0.3401015228426396
Random test,XGBoost,0.1518175338560228,0.34517766497461927
Random test,XGBoost,0.1525302922309337,0.34517766497461927
Random test,XGBoost,0.1525302922309337,0.350253807106599
Random test,XGBoost,0.15823235923022094,0.350253807106599
Random test,XGBoost,0.15823235923022094,0.3553299492385787
Random test,XGBoost,0.16749821810406273,0.3553299492385787
Random test,XGBoost,0.16749821810406273,0.3604060913705584
Random test,XGBoost,0.16821097647897362,0.3604060913705584
Random test,XGBoost,0.16821097647897362,0.36548223350253806
Random test,XGBoost,0.16963649322879543,0.36548223350253806
Random test,XGBoost,0.16963649322879543,0.37055837563451777
Random test,XGBoost,0.17106200997861726,0.37055837563451777
Random test,XGBoost,0.17106200997861726,0.38578680203045684
Random test,XGBoost,0.18389166072701355,0.38578680203045684
Random test,XGBoost,0.18389166072701355,0.39593908629441626
Random test,XGBoost,0.18460441910192446,0.39593908629441626
Random test,XGBoost,0.18460441910192446,0.4010152284263959
Random test,XGBoost,0.1903064861012117,0.4010152284263959
Random test,XGBoost,0.1903064861012117,0.40609137055837563
Random test,XGBoost,0.19814682822523164,0.40609137055837563
Random test,XGBoost,0.19814682822523164,0.41116751269035534
Random test,XGBoost,0.203136136849608,0.41116751269035534
Random test,XGBoost,0.203136136849608,0.4213197969543147
Random test,XGBoost,0.21026372059871704,0.4213197969543147
Random test,XGBoost,0.21026372059871704,0.4263959390862944
Random test,XGBoost,0.21525302922309336,0.4263959390862944
Random test,XGBoost,0.21525302922309336,0.43147208121827413
Random test,XGBoost,0.218104062722737,0.43147208121827413
Random test,XGBoost,0.218104062722737,0.4365482233502538
Random test,XGBoost,0.23663578047042053,0.4365482233502538
Random test,XGBoost,0.23663578047042053,0.4416243654822335
Random test,XGBoost,0.2444761225944405,0.4416243654822335
Random test,XGBoost,0.2444761225944405,0.4467005076142132
Random test,XGBoost,0.248039914468995,0.4467005076142132
Random test,XGBoost,0.248039914468995,0.4517766497461929
Random test,XGBoost,0.25089094796863864,0.4517766497461929
Random test,XGBoost,0.25089094796863864,0.45685279187817257
Random test,XGBoost,0.2580185317177477,0.45685279187817257
Random test,XGBoost,0.2580185317177477,0.4619289340101523
Random test,XGBoost,0.2594440484675695,0.4619289340101523
Random test,XGBoost,0.2594440484675695,0.467005076142132
Random test,XGBoost,0.2601568068424804,0.467005076142132
Random test,XGBoost,0.2601568068424804,0.4720812182741117
Random test,XGBoost,0.26870990734141126,0.4720812182741117
Random test,XGBoost,0.26870990734141126,0.47715736040609136
Random test,XGBoost,0.2701354240912331,0.47715736040609136
Random test,XGBoost,0.2701354240912331,0.48223350253807107
Random test,XGBoost,0.2722736992159658,0.48223350253807107
Random test,XGBoost,0.2722736992159658,0.4873096446700508
Random test,XGBoost,0.2736992159657876,0.4873096446700508
Random test,XGBoost,0.2736992159657876,0.49238578680203043
Random test,XGBoost,0.2786885245901639,0.49238578680203043
Random test,XGBoost,0.2786885245901639,0.49746192893401014
Random test,XGBoost,0.2886671418389166,0.49746192893401014
Random test,XGBoost,0.2886671418389166,0.5025380710659898
Random test,XGBoost,0.29294369208838206,0.5025380710659898
Random test,XGBoost,0.29294369208838206,0.5076142131979695
Random test,XGBoost,0.300784034212402,0.5076142131979695
Random test,XGBoost,0.300784034212402,0.5126903553299492
Random test,XGBoost,0.3114754098360656,0.5126903553299492
Random test,XGBoost,0.3114754098360656,0.5177664974619289
Random test,XGBoost,0.3150392017106201,0.5177664974619289
Random test,XGBoost,0.3150392017106201,0.5228426395939086
Random test,XGBoost,0.32002851033499646,0.5228426395939086
Random test,XGBoost,0.32002851033499646,0.5279187817258884
Random test,XGBoost,0.32145402708481824,0.5279187817258884
Random test,XGBoost,0.32145402708481824,0.5431472081218274
Random test,XGBoost,0.3285816108339273,0.5431472081218274
Random test,XGBoost,0.3285816108339273,0.5482233502538071
Random test,XGBoost,0.3300071275837491,0.5482233502538071
Random test,XGBoost,0.3300071275837491,0.5583756345177665
Random test,XGBoost,0.3406985032074127,0.5583756345177665
Random test,XGBoost,0.3406985032074127,0.5634517766497462
Random test,XGBoost,0.3528153955808981,0.5634517766497462
Random test,XGBoost,0.3528153955808981,0.5685279187817259
Random test,XGBoost,0.3563791874554526,0.5685279187817259
Random test,XGBoost,0.3563791874554526,0.5736040609137056
Random test,XGBoost,0.35780470420527444,0.5736040609137056
Random test,XGBoost,0.35780470420527444,0.5786802030456852
Random test,XGBoost,0.37491090520313614,0.5786802030456852
Random test,XGBoost,0.37491090520313614,0.583756345177665
Random test,XGBoost,0.3827512473271561,0.583756345177665
Random test,XGBoost,0.3827512473271561,0.5888324873096447
Random test,XGBoost,0.3884533143264433,0.5888324873096447
Random test,XGBoost,0.3884533143264433,0.5989847715736041
Random test,XGBoost,0.3998574483250178,0.5989847715736041
Random test,XGBoost,0.3998574483250178,0.6040609137055838
Random test,XGBoost,0.40270848182466146,0.6040609137055838
Random test,XGBoost,0.40270848182466146,0.6091370558375635
Random test,XGBoost,0.4105488239486814,0.6091370558375635
Random test,XGBoost,0.4105488239486814,0.6142131979695431
Random test,XGBoost,0.4155381325730577,0.6142131979695431
Random test,XGBoost,0.4155381325730577,0.6243654822335025
Random test,XGBoost,0.41625089094796863,0.6243654822335025
Random test,XGBoost,0.41625089094796863,0.6294416243654822
Random test,XGBoost,0.4390591589451176,0.6294416243654822
Random test,XGBoost,0.4390591589451176,0.6345177664974619
Random test,XGBoost,0.44404846756949395,0.6345177664974619
Random test,XGBoost,0.44404846756949395,0.6395939086294417
Random test,XGBoost,0.451176051318603,0.6395939086294417
Random test,XGBoost,0.451176051318603,0.6446700507614214
Random test,XGBoost,0.46044191019244474,0.6446700507614214
Random test,XGBoost,0.46044191019244474,0.6548223350253807
Random test,XGBoost,0.46115466856735565,0.6548223350253807
Random test,XGBoost,0.46115466856735565,0.6598984771573604
Random test,XGBoost,0.4640057020669993,0.6598984771573604
Random test,XGBoost,0.4640057020669993,0.6649746192893401
Random test,XGBoost,0.47327156094084105,0.6649746192893401
Random test,XGBoost,0.47327156094084105,0.6700507614213198
Random test,XGBoost,0.481111903064861,0.6700507614213198
Random test,XGBoost,0.481111903064861,0.6751269035532995
Random test,XGBoost,0.4918032786885246,0.6751269035532995
Random test,XGBoost,0.4918032786885246,0.6802030456852792
Random test,XGBoost,0.5181753385602281,0.6802030456852792
Random test,XGBoost,0.5181753385602281,0.6852791878172588
Random test,XGBoost,0.5331432644333571,0.6852791878172588
Random test,XGBoost,0.5331432644333571,0.6903553299492385
Random test,XGBoost,0.5359942979330007,0.6903553299492385
Random test,XGBoost,0.5359942979330007,0.6954314720812182
Random test,XGBoost,0.5388453314326443,0.6954314720812182
Random test,XGBoost,0.5388453314326443,0.700507614213198
Random test,XGBoost,0.5609408410548824,0.700507614213198
Random test,XGBoost,0.5609408410548824,0.7055837563451777
Random test,XGBoost,0.5652173913043478,0.7055837563451777
Random test,XGBoost,0.5652173913043478,0.7208121827411168
Random test,XGBoost,0.5709194583036351,0.7208121827411168
Random test,XGBoost,0.5709194583036351,0.7360406091370558
Random test,XGBoost,0.5737704918032787,0.7360406091370558
Random test,XGBoost,0.5737704918032787,0.7411167512690355
Random test,XGBoost,0.5994297933000713,0.7411167512690355
Random test,XGBoost,0.5994297933000713,0.7461928934010152
Random test,XGBoost,0.6058446186742694,0.7461928934010152
Random test,XGBoost,0.6058446186742694,0.751269035532995
Random test,XGBoost,0.6186742694226657,0.751269035532995
Random test,XGBoost,0.6186742694226657,0.7563451776649747
Random test,XGBoost,0.6208125445473984,0.7563451776649747
Random test,XGBoost,0.6208125445473984,0.7614213197969543
Random test,XGBoost,0.6258018531717747,0.7614213197969543
Random test,XGBoost,0.6258018531717747,0.766497461928934
Random test,XGBoost,0.6364932287954383,0.766497461928934
Random test,XGBoost,0.6364932287954383,0.7715736040609137
Random test,XGBoost,0.6429080541696365,0.7715736040609137
Random test,XGBoost,0.6429080541696365,0.7766497461928934
Random test,XGBoost,0.6457590876692801,0.7766497461928934
Random test,XGBoost,0.6457590876692801,0.7817258883248731
Random test,XGBoost,0.647184604419102,0.7817258883248731
Random test,XGBoost,0.647184604419102,0.7868020304568528
Random test,XGBoost,0.6593014967925873,0.7868020304568528
Random test,XGBoost,0.6593014967925873,0.7918781725888325
Random test,XGBoost,0.6600142551674982,0.7918781725888325
Random test,XGBoost,0.6600142551674982,0.7969543147208121
Random test,XGBoost,0.66928011404134,0.7969543147208121
Random test,XGBoost,0.66928011404134,0.8020304568527918
Random test,XGBoost,0.6707056307911617,0.8020304568527918
Random test,XGBoost,0.6707056307911617,0.8071065989847716
Random test,XGBoost,0.7020669992872416,0.8071065989847716
Random test,XGBoost,0.7020669992872416,0.8121827411167513
Random test,XGBoost,0.7049180327868853,0.8121827411167513
Random test,XGBoost,0.7049180327868853,0.817258883248731
Random test,XGBoost,0.7091945830363506,0.817258883248731
Random test,XGBoost,0.7091945830363506,0.8223350253807107
Random test,XGBoost,0.7113328581610834,0.8223350253807107
Random test,XGBoost,0.7113328581610834,0.8274111675126904
Random test,XGBoost,0.7277263007840342,0.8274111675126904
Random test,XGBoost,0.7277263007840342,0.8324873096446701
Random test,XGBoost,0.7540983606557377,0.8324873096446701
Random test,XGBoost,0.7540983606557377,0.8375634517766497
Random test,XGBoost,0.7583749109052031,0.8375634517766497
Random test,XGBoost,0.7583749109052031,0.8426395939086294
Random test,XGBoost,0.759800427655025,0.8426395939086294
Random test,XGBoost,0.759800427655025,0.8578680203045685
Random test,XGBoost,0.7605131860299359,0.8578680203045685
Random test,XGBoost,0.7605131860299359,0.8629441624365483
Random test,XGBoost,0.7697790449037776,0.8629441624365483
Random test,XGBoost,0.7697790449037776,0.868020304568528
Random test,XGBoost,0.7733428367783322,0.868020304568528
Random test,XGBoost,0.7733428367783322,0.8730964467005076
Random test,XGBoost,0.7783321454027085,0.8730964467005076
Random test,XGBoost,0.7783321454027085,0.8781725888324873
Random test,XGBoost,0.781895937277263,0.8781725888324873
Random test,XGBoost,0.781895937277263,0.883248730964467
Random test,XGBoost,0.7911617961511048,0.883248730964467
Random test,XGBoost,0.7911617961511048,0.8883248730964467
Random test,XGBoost,0.7918745545260156,0.8883248730964467
Random test,XGBoost,0.7918745545260156,0.8934010152284264
Random test,XGBoost,0.7940128296507484,0.8934010152284264
Random test,XGBoost,0.7940128296507484,0.8984771573604061
Random test,XGBoost,0.8018531717747683,0.8984771573604061
Random test,XGBoost,0.8018531717747683,0.9035532994923858
Random test,XGBoost,0.8032786885245902,0.9035532994923858
Random test,XGBoost,0.8032786885245902,0.9086294416243654
Random test,XGBoost,0.8054169636493229,0.9086294416243654
Random test,XGBoost,0.8054169636493229,0.9137055837563451
Random test,XGBoost,0.8111190306486101,0.9137055837563451
Random test,XGBoost,0.8111190306486101,0.9187817258883249
Random test,XGBoost,0.8132573057733429,0.9187817258883249
Random test,XGBoost,0.8132573057733429,0.9238578680203046
Random test,XGBoost,0.8182466143977192,0.9238578680203046
Random test,XGBoost,0.8182466143977192,0.9289340101522843
Random test,XGBoost,0.8260869565217391,0.9289340101522843
Random test,XGBoost,0.8260869565217391,0.934010152284264
Random test,XGBoost,0.8602993585174625,0.934010152284264
Random test,XGBoost,0.8602993585174625,0.9390862944162437
Random test,XGBoost,0.8652886671418389,0.9390862944162437
Random test,XGBoost,0.8652886671418389,0.9441624365482234
Random test,XGBoost,0.8731290092658589,0.9441624365482234
Random test,XGBoost,0.8731290092658589,0.949238578680203
Random test,XGBoost,0.8774055595153243,0.949238578680203
Random test,XGBoost,0.8774055595153243,0.9543147208121827
Random test,XGBoost,0.895224518888097,0.9543147208121827
Random test,XGBoost,0.895224518888097,0.9593908629441624
Random test,XGBoost,0.9002138275124733,0.9593908629441624
Random test,XGBoost,0.9002138275124733,0.9644670050761421
Random test,XGBoost,0.9073414112615823,0.9644670050761421
Random test,XGBoost,0.9073414112615823,0.9695431472081218
Random test,XGBoost,0.9201710620099787,0.9695431472081218
Random test,XGBoost,0.9201710620099787,0.9746192893401016
Random test,XGBoost,0.9230220955096222,0.9746192893401016
Random test,XGBoost,0.9230220955096222,0.9847715736040609
Random test,XGBoost,0.9586600142551674,0.9847715736040609
Random test,XGBoost,0.9586600142551674,0.9898477157360406
Random test,XGBoost,0.9679258731290092,0.9898477157360406
Random test,XGBoost,0.9679258731290092,0.9949238578680203
Random test,XGBoost,0.9828937990021382,0.9949238578680203
Random test,XGBoost,0.9828937990021382,1.0
Random test,XGBoost,1.0,1.0
Random test,MLP (64-32),0.0,0.0
Random test,MLP (64-32),0.0,0.005076142131979695
Random test,MLP (64-32),0.006414825374198147,0.005076142131979695
Random test,MLP (64-32),0.006414825374198147,0.015228426395939087
Random test,MLP (64-32),0.007127583749109052,0.015228426395939087
Random test,MLP (64-32),0.007127583749109052,0.02030456852791878
Random test,MLP (64-32),0.020669992872416252,0.02030456852791878
Random test,MLP (64-32),0.020669992872416252,0.025380710659898477
Random test,MLP (64-32),0.022095509622238062,0.025380710659898477
Random test,MLP (64-32),0.022095509622238062,0.030456852791878174
Random test,MLP (64-32),0.022808267997148968,0.030456852791878174
Random test,MLP (64-32),0.022808267997148968,0.03553299492385787
Random test,MLP (64-32),0.02851033499643621,0.03553299492385787
Random test,MLP (64-32),0.02851033499643621,0.04568527918781726
Random test,MLP (64-32),0.041339985744832504,0.04568527918781726
Random test,MLP (64-32),0.041339985744832504,0.050761421319796954
Random test,MLP (64-32),0.042052744119743406,0.050761421319796954
Random test,MLP (64-32),0.042052744119743406,0.05583756345177665
Random test,MLP (64-32),0.04775481111903065,0.05583756345177665
Random test,MLP (64-32),0.04775481111903065,0.06091370558375635
Random test,MLP (64-32),0.048467569493941556,0.06091370558375635
Random test,MLP (64-32),0.048467569493941556,0.06598984771573604
Random test,MLP (64-32),0.05773342836778332,0.06598984771573604
Random test,MLP (64-32),0.05773342836778332,0.07614213197969544
Random test,MLP (64-32),0.06129722024233785,0.07614213197969544
Random test,MLP (64-32),0.06129722024233785,0.08121827411167512
Random test,MLP (64-32),0.06272273699215966,0.08121827411167512
Random test,MLP (64-32),0.06272273699215966,0.08629441624365482
Random test,MLP (64-32),0.0691375623663578,0.08629441624365482
Random test,MLP (64-32),0.0691375623663578,0.09137055837563451
Random test,MLP (64-32),0.07056307911617961,0.09137055837563451
Random test,MLP (64-32),0.07056307911617961,0.10152284263959391
Random test,MLP (64-32),0.08196721311475409,0.10152284263959391
Random test,MLP (64-32),0.08196721311475409,0.1065989847715736
Random test,MLP (64-32),0.09337134711332858,0.1065989847715736
Random test,MLP (64-32),0.09337134711332858,0.1116751269035533
Random test,MLP (64-32),0.09408410548823949,0.1116751269035533
Random test,MLP (64-32),0.09408410548823949,0.116751269035533
Random test,MLP (64-32),0.0955096222380613,0.116751269035533
Random test,MLP (64-32),0.0955096222380613,0.1218274111675127
Random test,MLP (64-32),0.1090520313613685,0.1218274111675127
Random test,MLP (64-32),0.1090520313613685,0.12690355329949238
Random test,MLP (64-32),0.1097647897362794,0.12690355329949238
Random test,MLP (64-32),0.1097647897362794,0.1319796954314721
Random test,MLP (64-32),0.11546685673556664,0.1319796954314721
Random test,MLP (64-32),0.11546685673556664,0.14213197969543148
Random test,MLP (64-32),0.11760513186029936,0.14213197969543148
Random test,MLP (64-32),0.11760513186029936,0.14720812182741116
Random test,MLP (64-32),0.12188168210976479,0.14720812182741116
Random test,MLP (64-32),0.12188168210976479,0.15228426395939088
Random test,MLP (64-32),0.1233071988595866,0.15228426395939088
Random test,MLP (64-32),0.1233071988595866,0.15736040609137056
Random test,MLP (64-32),0.13114754098360656,0.15736040609137056
Random test,MLP (64-32),0.13114754098360656,0.16243654822335024
Random test,MLP (64-32),0.13898788310762653,0.16243654822335024
Random test,MLP (64-32),0.13898788310762653,0.16751269035532995
Random test,MLP (64-32),0.14183891660727013,0.16751269035532995
Random test,MLP (64-32),0.14183891660727013,0.18274111675126903
Random test,MLP (64-32),0.14326443335709194,0.18274111675126903
Random test,MLP (64-32),0.14326443335709194,0.18781725888324874
Random test,MLP (64-32),0.15538132573057734,0.18781725888324874
Random test,MLP (64-32),0.15538132573057734,0.19289340101522842
Random test,MLP (64-32),0.15823235923022094,0.19289340101522842
Random test,MLP (64-32),0.15823235923022094,0.19796954314720813
Random test,MLP (64-32),0.16037063435495366,0.19796954314720813
Random test,MLP (64-32),0.16037063435495366,0.20304568527918782
Random test,MLP (64-32),0.16250890947968638,0.20304568527918782
Random test,MLP (64-32),0.16250890947968638,0.20812182741116753
Random test,MLP (64-32),0.16821097647897362,0.20812182741116753
Random test,MLP (64-32),0.16821097647897362,0.2131979695431472
Random test,MLP (64-32),0.1781895937277263,0.2131979695431472
Random test,MLP (64-32),0.1781895937277263,0.2182741116751269
Random test,MLP (64-32),0.17890235210263722,0.2182741116751269
Random test,MLP (64-32),0.17890235210263722,0.2233502538071066
Random test,MLP (64-32),0.18317890235210263,0.2233502538071066
Random test,MLP (64-32),0.18317890235210263,0.22842639593908629
Random test,MLP (64-32),0.18888096935138987,0.22842639593908629
Random test,MLP (64-32),0.18888096935138987,0.233502538071066
Random test,MLP (64-32),0.19387027797576623,0.233502538071066
Random test,MLP (64-32),0.19387027797576623,0.23857868020304568
Random test,MLP (64-32),0.19814682822523164,0.23857868020304568
Random test,MLP (64-32),0.19814682822523164,0.2436548223350254
Random test,MLP (64-32),0.19957234497505347,0.2436548223350254
Random test,MLP (64-32),0.19957234497505347,0.24873096446700507
Random test,MLP (64-32),0.20028510334996436,0.24873096446700507
Random test,MLP (64-32),0.20028510334996436,0.25380710659898476
Random test,MLP (64-32),0.21026372059871704,0.25380710659898476
Random test,MLP (64-32),0.21026372059871704,0.25888324873096447
Random test,MLP (64-32),0.21454027084818247,0.25888324873096447
Random test,MLP (64-32),0.21454027084818247,0.2639593908629442
Random test,MLP (64-32),0.218104062722737,0.2639593908629442
Random test,MLP (64-32),0.218104062722737,0.26903553299492383
Random test,MLP (64-32),0.2209550962223806,0.26903553299492383
Random test,MLP (64-32),0.2209550962223806,0.28426395939086296
Random test,MLP (64-32),0.23734853884533144,0.28426395939086296
Random test,MLP (64-32),0.23734853884533144,0.2893401015228426
Random test,MLP (64-32),0.24233784746970777,0.2893401015228426
Random test,MLP (64-32),0.24233784746970777,0.29441624365482233
Random test,MLP (64-32),0.2444761225944405,0.29441624365482233
Random test,MLP (64-32),0.2444761225944405,0.29949238578680204
Random test,MLP (64-32),0.24875267284390593,0.29949238578680204
Random test,MLP (64-32),0.24875267284390593,0.30456852791878175
Random test,MLP (64-32),0.25017818959372773,0.30456852791878175
Random test,MLP (64-32),0.25017818959372773,0.3096446700507614
Random test,MLP (64-32),0.25588025659301494,0.3096446700507614
Random test,MLP (64-32),0.25588025659301494,0.3147208121827411
Random test,MLP (64-32),0.2573057733428368,0.3147208121827411
Random test,MLP (64-32),0.2573057733428368,0.3248730964467005
Random test,MLP (64-32),0.2580185317177477,0.3248730964467005
Random test,MLP (64-32),0.2580185317177477,0.3350253807106599
Random test,MLP (64-32),0.2601568068424804,0.3350253807106599
Random test,MLP (64-32),0.2601568068424804,0.3401015228426396
Random test,MLP (64-32),0.2644333570919458,0.3401015228426396
Random test,MLP (64-32),0.2644333570919458,0.34517766497461927
Random test,MLP (64-32),0.2758374910905203,0.34517766497461927
Random test,MLP (64-32),0.2758374910905203,0.350253807106599
Random test,MLP (64-32),0.2786885245901639,0.350253807106599
Random test,MLP (64-32),0.2786885245901639,0.3604060913705584
Random test,MLP (64-32),0.2794012829650748,0.3604060913705584
Random test,MLP (64-32),0.2794012829650748,0.36548223350253806
Random test,MLP (64-32),0.2843905915894512,0.36548223350253806
Random test,MLP (64-32),0.2843905915894512,0.37055837563451777
Random test,MLP (64-32),0.2886671418389166,0.37055837563451777
Random test,MLP (64-32),0.2886671418389166,0.3756345177664975
Random test,MLP (64-32),0.28937990021382753,0.3756345177664975
Random test,MLP (64-32),0.28937990021382753,0.38071065989847713
Random test,MLP (64-32),0.3014967925873129,0.38071065989847713
Random test,MLP (64-32),0.3014967925873129,0.38578680203045684
Random test,MLP (64-32),0.30648610121168923,0.38578680203045684
Random test,MLP (64-32),0.30648610121168923,0.39086294416243655
Random test,MLP (64-32),0.3136136849607983,0.39086294416243655
Random test,MLP (64-32),0.3136136849607983,0.39593908629441626
Random test,MLP (64-32),0.31860299358517463,0.39593908629441626
Random test,MLP (64-32),0.31860299358517463,0.4010152284263959
Random test,MLP (64-32),0.32287954383464007,0.4010152284263959
Random test,MLP (64-32),0.32287954383464007,0.40609137055837563
Random test,MLP (64-32),0.3257305773342837,0.40609137055837563
Random test,MLP (64-32),0.3257305773342837,0.41116751269035534
Random test,MLP (64-32),0.3328581610833927,0.41116751269035534
Random test,MLP (64-32),0.3328581610833927,0.41624365482233505
Random test,MLP (64-32),0.33499643620812547,0.41624365482233505
Random test,MLP (64-32),0.33499643620812547,0.4213197969543147
Random test,MLP (64-32),0.33927298645759085,0.4213197969543147
Random test,MLP (64-32),0.33927298645759085,0.4263959390862944
Random test,MLP (64-32),0.3442622950819672,0.4263959390862944
Random test,MLP (64-32),0.3442622950819672,0.43147208121827413
Random test,MLP (64-32),0.3499643620812545,0.43147208121827413
Random test,MLP (64-32),0.3499643620812545,0.4365482233502538
Random test,MLP (64-32),0.3549536707056308,0.4365482233502538
Random test,MLP (64-32),0.3549536707056308,0.4416243654822335
Random test,MLP (64-32),0.36564504632929434,0.4416243654822335
Random test,MLP (64-32),0.36564504632929434,0.4467005076142132
Random test,MLP (64-32),0.3692088382038489,0.4467005076142132
Random test,MLP (64-32),0.3692088382038489,0.4517766497461929
Random test,MLP (64-32),0.3713471133285816,0.4517766497461929
Random test,MLP (64-32),0.3713471133285816,0.45685279187817257
Random test,MLP (64-32),0.38132573057733427,0.45685279187817257
Random test,MLP (64-32),0.38132573057733427,0.4619289340101523
Random test,MLP (64-32),0.39344262295081966,0.4619289340101523
Random test,MLP (64-32),0.39344262295081966,0.467005076142132
Random test,MLP (64-32),0.3941553813257306,0.467005076142132
Random test,MLP (64-32),0.3941553813257306,0.47715736040609136
Random test,MLP (64-32),0.40270848182466146,0.47715736040609136
Random test,MLP (64-32),0.40270848182466146,0.4873096446700508
Random test,MLP (64-32),0.40555951532430506,0.4873096446700508
Random test,MLP (64-32),0.40555951532430506,0.49238578680203043
Random test,MLP (64-32),0.406272273699216,0.49238578680203043
Random test,MLP (64-32),0.406272273699216,0.49746192893401014
Random test,MLP (64-32),0.4119743406985032,0.49746192893401014
Random test,MLP (64-32),0.4119743406985032,0.5025380710659898
Random test,MLP (64-32),0.4126870990734141,0.5025380710659898
Random test,MLP (64-32),0.4126870990734141,0.5076142131979695
Random test,MLP (64-32),0.4148253741981468,0.5076142131979695
Random test,MLP (64-32),0.4148253741981468,0.5126903553299492
Random test,MLP (64-32),0.42266571632216676,0.5126903553299492
Random test,MLP (64-32),0.42266571632216676,0.5228426395939086
Random test,MLP (64-32),0.4248039914468995,0.5228426395939086
Random test,MLP (64-32),0.4248039914468995,0.5279187817258884
Random test,MLP (64-32),0.42979330007127586,0.5279187817258884
Random test,MLP (64-32),0.42979330007127586,0.5329949238578681
Random test,MLP (64-32),0.43193157519600855,0.5329949238578681
Random test,MLP (64-32),0.43193157519600855,0.5380710659898477
Random test,MLP (64-32),0.43478260869565216,0.5380710659898477
Random test,MLP (64-32),0.43478260869565216,0.5431472081218274
Random test,MLP (64-32),0.4632929436920884,0.5431472081218274
Random test,MLP (64-32),0.4632929436920884,0.5482233502538071
Random test,MLP (64-32),0.4668567355666429,0.5482233502538071
Random test,MLP (64-32),0.4668567355666429,0.5532994923857868
Random test,MLP (64-32),0.47327156094084105,0.5532994923857868
Random test,MLP (64-32),0.47327156094084105,0.5583756345177665
Random test,MLP (64-32),0.4782608695652174,0.5583756345177665
Random test,MLP (64-32),0.4782608695652174,0.5634517766497462
Random test,MLP (64-32),0.481111903064861,0.5634517766497462
Random test,MLP (64-32),0.481111903064861,0.5685279187817259
Random test,MLP (64-32),0.48538845331432645,0.5685279187817259
Random test,MLP (64-32),0.48538845331432645,0.5736040609137056
Random test,MLP (64-32),0.4918032786885246,0.5736040609137056
Random test,MLP (64-32),0.4918032786885246,0.5786802030456852
Random test,MLP (64-32),0.4925160370634355,0.5786802030456852
Random test,MLP (64-32),0.4925160370634355,0.583756345177665
Random test,MLP (64-32),0.49607982893799,0.583756345177665
Random test,MLP (64-32),0.49607982893799,0.5888324873096447
Random test,MLP (64-32),0.49679258731290094,0.5888324873096447
Random test,MLP (64-32),0.49679258731290094,0.5989847715736041
Random test,MLP (64-32),0.5060584461867427,0.5989847715736041
Random test,MLP (64-32),0.5060584461867427,0.6040609137055838
Random test,MLP (64-32),0.5138987883107626,0.6040609137055838
Random test,MLP (64-32),0.5138987883107626,0.6091370558375635
Random test,MLP (64-32),0.5146115466856735,0.6091370558375635
Random test,MLP (64-32),0.5146115466856735,0.6142131979695431
Random test,MLP (64-32),0.518888096935139,0.6142131979695431
Random test,MLP (64-32),0.518888096935139,0.6192893401015228
Random test,MLP (64-32),0.5210263720598717,0.6192893401015228
Random test,MLP (64-32),0.5210263720598717,0.6243654822335025
Random test,MLP (64-32),0.5217391304347826,0.6243654822335025
Random test,MLP (64-32),0.5217391304347826,0.6294416243654822
Random test,MLP (64-32),0.5260156806842481,0.6294416243654822
Random test,MLP (64-32),0.5260156806842481,0.6395939086294417
Random test,MLP (64-32),0.5288667141838916,0.6395939086294417
Random test,MLP (64-32),0.5288667141838916,0.6446700507614214
Random test,MLP (64-32),0.5295794725588026,0.6446700507614214
Random test,MLP (64-32),0.5295794725588026,0.649746192893401
Random test,MLP (64-32),0.5381325730577334,0.649746192893401
Random test,MLP (64-32),0.5381325730577334,0.6548223350253807
Random test,MLP (64-32),0.5424091233071988,0.6548223350253807
Random test,MLP (64-32),0.5424091233071988,0.6598984771573604
Random test,MLP (64-32),0.5438346400570206,0.6598984771573604
Random test,MLP (64-32),0.5438346400570206,0.6649746192893401
Random test,MLP (64-32),0.5538132573057734,0.6649746192893401
Random test,MLP (64-32),0.5538132573057734,0.6700507614213198
Random test,MLP (64-32),0.5609408410548824,0.6700507614213198
Random test,MLP (64-32),0.5609408410548824,0.6751269035532995
Random test,MLP (64-32),0.5773342836778332,0.6751269035532995
Random test,MLP (64-32),0.5773342836778332,0.6802030456852792
Random test,MLP (64-32),0.5844618674269423,0.6802030456852792
Random test,MLP (64-32),0.5844618674269423,0.6852791878172588
Random test,MLP (64-32),0.5858873841767641,0.6852791878172588
Random test,MLP (64-32),0.5858873841767641,0.6903553299492385
Random test,MLP (64-32),0.586600142551675,0.6903553299492385
Random test,MLP (64-32),0.586600142551675,0.6954314720812182
Random test,MLP (64-32),0.5873129009265858,0.6954314720812182
Random test,MLP (64-32),0.5873129009265858,0.7055837563451777
Random test,MLP (64-32),0.5972915181753385,0.7055837563451777
Random test,MLP (64-32),0.5972915181753385,0.7106598984771574
Random test,MLP (64-32),0.6044191019244476,0.7106598984771574
Random test,MLP (64-32),0.6044191019244476,0.7208121827411168
Random test,MLP (64-32),0.6079828937990022,0.7208121827411168
Random test,MLP (64-32),0.6079828937990022,0.7309644670050761
Random test,MLP (64-32),0.609408410548824,0.7309644670050761
Random test,MLP (64-32),0.609408410548824,0.7360406091370558
Random test,MLP (64-32),0.6115466856735566,0.7360406091370558
Random test,MLP (64-32),0.6115466856735566,0.7411167512690355
Random test,MLP (64-32),0.6179615110477548,0.7411167512690355
Random test,MLP (64-32),0.6179615110477548,0.7461928934010152
Random test,MLP (64-32),0.6186742694226657,0.7461928934010152
Random test,MLP (64-32),0.6186742694226657,0.751269035532995
Random test,MLP (64-32),0.624376336421953,0.751269035532995
Random test,MLP (64-32),0.624376336421953,0.7563451776649747
Random test,MLP (64-32),0.6250890947968638,0.7563451776649747
Random test,MLP (64-32),0.6250890947968638,0.7614213197969543
Random test,MLP (64-32),0.6265146115466856,0.7614213197969543
Random test,MLP (64-32),0.6265146115466856,0.766497461928934
Random test,MLP (64-32),0.6357804704205274,0.766497461928934
Random test,MLP (64-32),0.6357804704205274,0.7715736040609137
Random test,MLP (64-32),0.6386315039201711,0.7715736040609137
Random test,MLP (64-32),0.6386315039201711,0.7766497461928934
Random test,MLP (64-32),0.6429080541696365,0.7766497461928934
Random test,MLP (64-32),0.6429080541696365,0.7817258883248731
Random test,MLP (64-32),0.6478973627940128,0.7817258883248731
Random test,MLP (64-32),0.6478973627940128,0.7918781725888325
Random test,MLP (64-32),0.6514611546685674,0.7918781725888325
Random test,MLP (64-32),0.6514611546685674,0.7969543147208121
Random test,MLP (64-32),0.6564504632929437,0.7969543147208121
Random test,MLP (64-32),0.6564504632929437,0.8020304568527918
Random test,MLP (64-32),0.6678545972915182,0.8020304568527918
Random test,MLP (64-32),0.6678545972915182,0.8071065989847716
Random test,MLP (64-32),0.6870990734141126,0.8071065989847716
Random test,MLP (64-32),0.6870990734141126,0.817258883248731
Random test,MLP (64-32),0.6963649322879544,0.817258883248731
Random test,MLP (64-32),0.6963649322879544,0.8223350253807107
Random test,MLP (64-32),0.7263007840342124,0.8223350253807107
Random test,MLP (64-32),0.7263007840342124,0.8274111675126904
Random test,MLP (64-32),0.7284390591589451,0.8274111675126904
Random test,MLP (64-32),0.7284390591589451,0.8324873096446701
Random test,MLP (64-32),0.7348538845331433,0.8324873096446701
Random test,MLP (64-32),0.7348538845331433,0.8426395939086294
Random test,MLP (64-32),0.7398431931575196,0.8426395939086294
Random test,MLP (64-32),0.7398431931575196,0.8477157360406091
Random test,MLP (64-32),0.7419814682822523,0.8477157360406091
Random test,MLP (64-32),0.7419814682822523,0.8527918781725888
Random test,MLP (64-32),0.7426942266571632,0.8527918781725888
Random test,MLP (64-32),0.7426942266571632,0.8578680203045685
Random test,MLP (64-32),0.7462580185317177,0.8578680203045685
Random test,MLP (64-32),0.7462580185317177,0.8629441624365483
Random test,MLP (64-32),0.7555238774055595,0.8629441624365483
Random test,MLP (64-32),0.7555238774055595,0.868020304568528
Random test,MLP (64-32),0.7690662865288667,0.868020304568528
Random test,MLP (64-32),0.7690662865288667,0.8730964467005076
Random test,MLP (64-32),0.7761938702779758,0.8730964467005076
Random test,MLP (64-32),0.7761938702779758,0.8781725888324873
Random test,MLP (64-32),0.7783321454027085,0.8781725888324873
Random test,MLP (64-32),0.7783321454027085,0.883248730964467
Random test,MLP (64-32),0.7933000712758375,0.883248730964467
Random test,MLP (64-32),0.7933000712758375,0.8883248730964467
Random test,MLP (64-32),0.7997148966500356,0.8883248730964467
Random test,MLP (64-32),0.7997148966500356,0.8934010152284264
Random test,MLP (64-32),0.8004276550249465,0.8934010152284264
Random test,MLP (64-32),0.8004276550249465,0.8984771573604061
Random test,MLP (64-32),0.8096935138987883,0.8984771573604061
Random test,MLP (64-32),0.8096935138987883,0.9086294416243654
Random test,MLP (64-32),0.8175338560228083,0.9086294416243654
Random test,MLP (64-32),0.8175338560228083,0.9137055837563451
Random test,MLP (64-32),0.8182466143977192,0.9137055837563451
Random test,MLP (64-32),0.8182466143977192,0.9187817258883249
Random test,MLP (64-32),0.8282252316464719,0.9187817258883249
Random test,MLP (64-32),0.8282252316464719,0.9238578680203046
Random test,MLP (64-32),0.8367783321454028,0.9238578680203046
Random test,MLP (64-32),0.8367783321454028,0.9289340101522843
Random test,MLP (64-32),0.8581610833927299,0.9289340101522843
Random test,MLP (64-32),0.8581610833927299,0.9390862944162437
Random test,MLP (64-32),0.8759800427655025,0.9390862944162437
Random test,MLP (64-32),0.8759800427655025,0.9441624365482234
Random test,MLP (64-32),0.887384176764077,0.9441624365482234
Random test,MLP (64-32),0.887384176764077,0.949238578680203
Random test,MLP (64-32),0.8880969351389879,0.949238578680203
Random test,MLP (64-32),0.8880969351389879,0.9543147208121827
Random test,MLP (64-32),0.9201710620099787,0.9543147208121827
Random test,MLP (64-32),0.9201710620099787,0.9593908629441624
Random test,MLP (64-32),0.9223093371347113,0.9593908629441624
Random test,MLP (64-32),0.9223093371347113,0.9644670050761421
Random test,MLP (64-32),0.9351389878831077,0.9644670050761421
Random test,MLP (64-32),0.9351389878831077,0.9695431472081218
Random test,MLP (64-32),0.9615110477548111,0.9695431472081218
Random test,MLP (64-32),0.9615110477548111,0.9746192893401016
Random test,MLP (64-32),0.962223806129722,0.9746192893401016
Random test,MLP (64-32),0.962223806129722,0.9796954314720813
Random test,MLP (64-32),0.9743406985032074,0.9796954314720813
Random test,MLP (64-32),0.9743406985032074,0.9847715736040609
Random test,MLP (64-32),0.977191732002851,0.9847715736040609
Random test,MLP (64-32),0.977191732002851,0.9898477157360406
Random test,MLP (64-32),0.99215965787598,0.9898477157360406
Random test,MLP (64-32),0.99215965787598,0.9949238578680203
Random test,MLP (64-32),0.9971489665003563,0.9949238578680203
Random test,MLP (64-32),0.9971489665003563,1.0
Random test,MLP (64-32),1.0,1.0
Random test,AgroScore stack,0.0,0.0
Random test,AgroScore stack,0.0,0.005076142131979695
Random test,AgroScore stack,0.003563791874554526,0.005076142131979695
Random test,AgroScore stack,0.003563791874554526,0.01015228426395939
Random test,AgroScore stack,0.0042765502494654314,0.01015228426395939
Random test,AgroScore stack,0.0042765502494654314,0.015228426395939087
Random test,AgroScore stack,0.004989308624376337,0.015228426395939087
Random test,AgroScore stack,0.004989308624376337,0.02030456852791878
Random test,AgroScore stack,0.009265858873841768,0.02030456852791878
Random test,AgroScore stack,0.009265858873841768,0.025380710659898477
Random test,AgroScore stack,0.010691375623663579,0.025380710659898477
Random test,AgroScore stack,0.010691375623663579,0.030456852791878174
Random test,AgroScore stack,0.012829650748396294,0.030456852791878174
Random test,AgroScore stack,0.012829650748396294,0.03553299492385787
Random test,AgroScore stack,0.014255167498218105,0.03553299492385787
Random test,AgroScore stack,0.014255167498218105,0.04568527918781726
Random test,AgroScore stack,0.015680684248039915,0.04568527918781726
Random test,AgroScore stack,0.015680684248039915,0.06598984771573604
Random test,AgroScore stack,0.017106200997861726,0.06598984771573604
Random test,AgroScore stack,0.017106200997861726,0.07106598984771574
Random test,AgroScore stack,0.019957234497505347,0.07106598984771574
Random test,AgroScore stack,0.019957234497505347,0.07614213197969544
Random test,AgroScore stack,0.021382751247327157,0.07614213197969544
Random test,AgroScore stack,0.021382751247327157,0.08121827411167512
Random test,AgroScore stack,0.02565930149679259,0.08121827411167512
Random test,AgroScore stack,0.02565930149679259,0.08629441624365482
Random test,AgroScore stack,0.026372059871703494,0.08629441624365482
Random test,AgroScore stack,0.026372059871703494,0.09137055837563451
Random test,AgroScore stack,0.02851033499643621,0.09137055837563451
Random test,AgroScore stack,0.02851033499643621,0.10152284263959391
Random test,AgroScore stack,0.02993585174625802,0.10152284263959391
Random test,AgroScore stack,0.02993585174625802,0.1065989847715736
Random test,AgroScore stack,0.030648610121168925,0.1065989847715736
Random test,AgroScore stack,0.030648610121168925,0.116751269035533
Random test,AgroScore stack,0.03563791874554526,0.116751269035533
Random test,AgroScore stack,0.03563791874554526,0.1218274111675127
Random test,AgroScore stack,0.03706343549536707,0.1218274111675127
Random test,AgroScore stack,0.03706343549536707,0.12690355329949238
Random test,AgroScore stack,0.041339985744832504,0.12690355329949238
Random test,AgroScore stack,0.041339985744832504,0.13705583756345177
Random test,AgroScore stack,0.044191019244476125,0.13705583756345177
Random test,AgroScore stack,0.044191019244476125,0.14213197969543148
Random test,AgroScore stack,0.047042052744119746,0.14213197969543148
Random test,AgroScore stack,0.047042052744119746,0.14720812182741116
Random test,AgroScore stack,0.04775481111903065,0.14720812182741116
Random test,AgroScore stack,0.04775481111903065,0.15736040609137056
Random test,AgroScore stack,0.04989308624376337,0.15736040609137056
Random test,AgroScore stack,0.04989308624376337,0.16751269035532995
Random test,AgroScore stack,0.05203136136849608,0.16751269035532995
Random test,AgroScore stack,0.05203136136849608,0.17258883248730963
Random test,AgroScore stack,0.05274411974340699,0.17258883248730963
Random test,AgroScore stack,0.05274411974340699,0.18274111675126903
Random test,AgroScore stack,0.0548823948681397,0.18274111675126903
Random test,AgroScore stack,0.0548823948681397,0.18781725888324874
Random test,AgroScore stack,0.05773342836778332,0.18781725888324874
Random test,AgroScore stack,0.05773342836778332,0.19289340101522842
Random test,AgroScore stack,0.06058446186742694,0.19289340101522842
Random test,AgroScore stack,0.06058446186742694,0.19796954314720813
Random test,AgroScore stack,0.06486101211689238,0.19796954314720813
Random test,AgroScore stack,0.06486101211689238,0.20304568527918782
Random test,AgroScore stack,0.07626514611546685,0.20304568527918782
Random test,AgroScore stack,0.07626514611546685,0.20812182741116753
Random test,AgroScore stack,0.07840342124019957,0.20812182741116753
Random test,AgroScore stack,0.07840342124019957,0.2131979695431472
Random test,AgroScore stack,0.08695652173913043,0.2131979695431472
Random test,AgroScore stack,0.08695652173913043,0.2182741116751269
Random test,AgroScore stack,0.09194583036350677,0.2182741116751269
Random test,AgroScore stack,0.09194583036350677,0.2233502538071066
Random test,AgroScore stack,0.09265858873841767,0.2233502538071066
Random test,AgroScore stack,0.09265858873841767,0.22842639593908629
Random test,AgroScore stack,0.0947968638631504,0.22842639593908629
Random test,AgroScore stack,0.0947968638631504,0.233502538071066
Random test,AgroScore stack,0.09764789736279401,0.233502538071066
Random test,AgroScore stack,0.09764789736279401,0.23857868020304568
Random test,AgroScore stack,0.09907341411261582,0.23857868020304568
Random test,AgroScore stack,0.09907341411261582,0.2436548223350254
Random test,AgroScore stack,0.10406272273699216,0.2436548223350254
Random test,AgroScore stack,0.10406272273699216,0.24873096446700507
Random test,AgroScore stack,0.10477548111190306,0.24873096446700507
Random test,AgroScore stack,0.10477548111190306,0.25380710659898476
Random test,AgroScore stack,0.10620099786172488,0.25380710659898476
Random test,AgroScore stack,0.10620099786172488,0.25888324873096447
Random test,AgroScore stack,0.1083392729864576,0.25888324873096447
Random test,AgroScore stack,0.1083392729864576,0.2639593908629442
Random test,AgroScore stack,0.1104775481111903,0.2639593908629442
Random test,AgroScore stack,0.1104775481111903,0.26903553299492383
Random test,AgroScore stack,0.11190306486101212,0.26903553299492383
Random test,AgroScore stack,0.11190306486101212,0.27411167512690354
Random test,AgroScore stack,0.11546685673556664,0.27411167512690354
Random test,AgroScore stack,0.11546685673556664,0.28426395939086296
Random test,AgroScore stack,0.11974340698503208,0.28426395939086296
Random test,AgroScore stack,0.11974340698503208,0.2893401015228426
Random test,AgroScore stack,0.1261582323592302,0.2893401015228426
Random test,AgroScore stack,0.1261582323592302,0.29949238578680204
Random test,AgroScore stack,0.12972202423378476,0.29949238578680204
Random test,AgroScore stack,0.12972202423378476,0.30456852791878175
Random test,AgroScore stack,0.13328581610833928,0.30456852791878175
Random test,AgroScore stack,0.13328581610833928,0.3096446700507614
Random test,AgroScore stack,0.13898788310762653,0.3096446700507614
Random test,AgroScore stack,0.13898788310762653,0.3147208121827411
Random test,AgroScore stack,0.1397006414825374,0.3147208121827411
Random test,AgroScore stack,0.1397006414825374,0.3197969543147208
Random test,AgroScore stack,0.14183891660727013,0.3197969543147208
Random test,AgroScore stack,0.14183891660727013,0.3248730964467005
Random test,AgroScore stack,0.14896650035637918,0.3248730964467005
Random test,AgroScore stack,0.14896650035637918,0.3350253807106599
Random test,AgroScore stack,0.15395580898075553,0.3350253807106599
Random test,AgroScore stack,0.15395580898075553,0.3401015228426396
Random test,AgroScore stack,0.16535994297933002,0.3401015228426396
Random test,AgroScore stack,0.16535994297933002,0.34517766497461927
Random test,AgroScore stack,0.16749821810406273,0.34517766497461927
Random test,AgroScore stack,0.16749821810406273,0.350253807106599
Random test,AgroScore stack,0.16963649322879543,0.350253807106599
Random test,AgroScore stack,0.16963649322879543,0.36548223350253806
Random test,AgroScore stack,0.17248752672843906,0.36548223350253806
Random test,AgroScore stack,0.17248752672843906,0.37055837563451777
Random test,AgroScore stack,0.17462580185317178,0.37055837563451777
Random test,AgroScore stack,0.17462580185317178,0.3756345177664975
Random test,AgroScore stack,0.17533856022808267,0.3756345177664975
Random test,AgroScore stack,0.17533856022808267,0.38578680203045684
Random test,AgroScore stack,0.1796151104775481,0.38578680203045684
Random test,AgroScore stack,0.1796151104775481,0.39086294416243655
Random test,AgroScore stack,0.18175338560228083,0.39086294416243655
Random test,AgroScore stack,0.18175338560228083,0.39593908629441626
Random test,AgroScore stack,0.18816821097647898,0.39593908629441626
Random test,AgroScore stack,0.18816821097647898,0.4010152284263959
Random test,AgroScore stack,0.19957234497505347,0.4010152284263959
Random test,AgroScore stack,0.19957234497505347,0.40609137055837563
Random test,AgroScore stack,0.20099786172487527,0.40609137055837563
Random test,AgroScore stack,0.20099786172487527,0.41116751269035534
Random test,AgroScore stack,0.2074126870990734,0.41116751269035534
Random test,AgroScore stack,0.2074126870990734,0.41624365482233505
Random test,AgroScore stack,0.20812544547398432,0.41624365482233505
Random test,AgroScore stack,0.20812544547398432,0.4213197969543147
Random test,AgroScore stack,0.21026372059871704,0.4213197969543147
Random test,AgroScore stack,0.21026372059871704,0.4263959390862944
Random test,AgroScore stack,0.21596578759800428,0.4263959390862944
Random test,AgroScore stack,0.21596578759800428,0.4365482233502538
Random test,AgroScore stack,0.21881682109764788,0.4365482233502538
Random test,AgroScore stack,0.21881682109764788,0.4467005076142132
Random test,AgroScore stack,0.2209550962223806,0.4467005076142132
Random test,AgroScore stack,0.2209550962223806,0.4517766497461929
Random test,AgroScore stack,0.22309337134711332,0.4517766497461929
Random test,AgroScore stack,0.22309337134711332,0.45685279187817257
Random test,AgroScore stack,0.22380612972202424,0.45685279187817257
Random test,AgroScore stack,0.22380612972202424,0.4619289340101523
Random test,AgroScore stack,0.23378474697077692,0.4619289340101523
Random test,AgroScore stack,0.23378474697077692,0.467005076142132
Random test,AgroScore stack,0.24376336421952957,0.467005076142132
Random test,AgroScore stack,0.24376336421952957,0.4720812182741117
Random test,AgroScore stack,0.2466143977191732,0.4720812182741117
Random test,AgroScore stack,0.2466143977191732,0.47715736040609136
Random test,AgroScore stack,0.2473271560940841,0.47715736040609136
Random test,AgroScore stack,0.2473271560940841,0.48223350253807107
Random test,AgroScore stack,0.25160370634354956,0.48223350253807107
Random test,AgroScore stack,0.25160370634354956,0.4873096446700508
Random test,AgroScore stack,0.25659301496792586,0.4873096446700508
Random test,AgroScore stack,0.25659301496792586,0.49238578680203043
Random test,AgroScore stack,0.2594440484675695,0.49238578680203043
Random test,AgroScore stack,0.2594440484675695,0.5025380710659898
Random test,AgroScore stack,0.2608695652173913,0.5025380710659898
Random test,AgroScore stack,0.2608695652173913,0.5076142131979695
Random test,AgroScore stack,0.2694226657163222,0.5076142131979695
Random test,AgroScore stack,0.2694226657163222,0.5126903553299492
Random test,AgroScore stack,0.27156094084105487,0.5126903553299492
Random test,AgroScore stack,0.27156094084105487,0.5177664974619289
Random test,AgroScore stack,0.2815395580898076,0.5177664974619289
Random test,AgroScore stack,0.2815395580898076,0.5228426395939086
Random test,AgroScore stack,0.3036350677120456,0.5228426395939086
Random test,AgroScore stack,0.3036350677120456,0.5279187817258884
Random test,AgroScore stack,0.31290092658588736,0.5279187817258884
Random test,AgroScore stack,0.31290092658588736,0.5329949238578681
Random test,AgroScore stack,0.3150392017106201,0.5329949238578681
Random test,AgroScore stack,0.3150392017106201,0.5380710659898477
Random test,AgroScore stack,0.31931575196008555,0.5380710659898477
Random test,AgroScore stack,0.31931575196008555,0.5431472081218274
Random test,AgroScore stack,0.3207412687099073,0.5431472081218274
Random test,AgroScore stack,0.3207412687099073,0.5482233502538071
Random test,AgroScore stack,0.3264433357091946,0.5482233502538071
Random test,AgroScore stack,0.3264433357091946,0.5583756345177665
Random test,AgroScore stack,0.3328581610833927,0.5583756345177665
Random test,AgroScore stack,0.3328581610833927,0.5634517766497462
Random test,AgroScore stack,0.3378474697077691,0.5634517766497462
Random test,AgroScore stack,0.3378474697077691,0.5685279187817259
Random test,AgroScore stack,0.33927298645759085,0.5685279187817259
Random test,AgroScore stack,0.33927298645759085,0.5736040609137056
Random test,AgroScore stack,0.3421240199572345,0.5736040609137056
Random test,AgroScore stack,0.3421240199572345,0.5786802030456852
Random test,AgroScore stack,0.35067712045616534,0.5786802030456852
Random test,AgroScore stack,0.35067712045616534,0.583756345177665
Random test,AgroScore stack,0.35210263720598717,0.583756345177665
Random test,AgroScore stack,0.35210263720598717,0.5939086294416244
Random test,AgroScore stack,0.3556664290805417,0.5939086294416244
Random test,AgroScore stack,0.3556664290805417,0.5989847715736041
Random test,AgroScore stack,0.3563791874554526,0.5989847715736041
Random test,AgroScore stack,0.3563791874554526,0.6040609137055838
Random test,AgroScore stack,0.3592302209550962,0.6040609137055838
Random test,AgroScore stack,0.3592302209550962,0.6091370558375635
Random test,AgroScore stack,0.36136849607982896,0.6091370558375635
Random test,AgroScore stack,0.36136849607982896,0.6243654822335025
Random test,AgroScore stack,0.36350677120456165,0.6243654822335025
Random test,AgroScore stack,0.36350677120456165,0.6294416243654822
Random test,AgroScore stack,0.3692088382038489,0.6294416243654822
Random test,AgroScore stack,0.3692088382038489,0.6345177664974619
Random test,AgroScore stack,0.3734853884533143,0.6345177664974619
Random test,AgroScore stack,0.3734853884533143,0.6395939086294417
Random test,AgroScore stack,0.38417676407697793,0.6395939086294417
Random test,AgroScore stack,0.38417676407697793,0.6446700507614214
Random test,AgroScore stack,0.38987883107626514,0.6446700507614214
Random test,AgroScore stack,0.38987883107626514,0.6548223350253807
Random test,AgroScore stack,0.413399857448325,0.6548223350253807
Random test,AgroScore stack,0.413399857448325,0.6598984771573604
Random test,AgroScore stack,0.4219529579472559,0.6598984771573604
Random test,AgroScore stack,0.4219529579472559,0.6649746192893401
Random test,AgroScore stack,0.4426229508196721,0.6649746192893401
Random test,AgroScore stack,0.4426229508196721,0.6700507614213198
Random test,AgroScore stack,0.44404846756949395,0.6700507614213198
Random test,AgroScore stack,0.44404846756949395,0.6751269035532995
Random test,AgroScore stack,0.4476122594440485,0.6751269035532995
Random test,AgroScore stack,0.4476122594440485,0.6802030456852792
Random test,AgroScore stack,0.4518888096935139,0.6802030456852792
Random test,AgroScore stack,0.4518888096935139,0.6852791878172588
Random test,AgroScore stack,0.4625801853171775,0.6852791878172588
Random test,AgroScore stack,0.4625801853171775,0.6954314720812182
Random test,AgroScore stack,0.4647184604419102,0.6954314720812182
Random test,AgroScore stack,0.4647184604419102,0.700507614213198
Random test,AgroScore stack,0.466143977191732,0.700507614213198
Random test,AgroScore stack,0.466143977191732,0.7055837563451777
Random test,AgroScore stack,0.4668567355666429,0.7055837563451777
Random test,AgroScore stack,0.4668567355666429,0.7106598984771574
Random test,AgroScore stack,0.47327156094084105,0.7106598984771574
Random test,AgroScore stack,0.47327156094084105,0.7157360406091371
Random test,AgroScore stack,0.47540983606557374,0.7157360406091371
Random test,AgroScore stack,0.47540983606557374,0.7208121827411168
Random test,AgroScore stack,0.47612259444048466,0.7208121827411168
Random test,AgroScore stack,0.47612259444048466,0.7258883248730964
Random test,AgroScore stack,0.4775481111903065,0.7258883248730964
Random test,AgroScore stack,0.4775481111903065,0.7309644670050761
Random test,AgroScore stack,0.48752672843905914,0.7309644670050761
Random test,AgroScore stack,0.48752672843905914,0.7360406091370558
Random test,AgroScore stack,0.4982181040627227,0.7360406091370558
Random test,AgroScore stack,0.4982181040627227,0.7411167512690355
Random test,AgroScore stack,0.49964362081254454,0.7411167512690355
Random test,AgroScore stack,0.49964362081254454,0.7461928934010152
Random test,AgroScore stack,0.5117605131860299,0.7461928934010152
Random test,AgroScore stack,0.5117605131860299,0.751269035532995
Random test,AgroScore stack,0.5138987883107626,0.751269035532995
Random test,AgroScore stack,0.5138987883107626,0.7614213197969543
Random test,AgroScore stack,0.5174625801853172,0.7614213197969543
Random test,AgroScore stack,0.5174625801853172,0.766497461928934
Random test,AgroScore stack,0.5416963649322879,0.766497461928934
Random test,AgroScore stack,0.5416963649322879,0.7715736040609137
Random test,AgroScore stack,0.5481111903064861,0.7715736040609137
Random test,AgroScore stack,0.5481111903064861,0.7766497461928934
Random test,AgroScore stack,0.5623663578047042,0.7766497461928934
Random test,AgroScore stack,0.5623663578047042,0.7817258883248731
Random test,AgroScore stack,0.5637918745545261,0.7817258883248731
Random test,AgroScore stack,0.5637918745545261,0.7868020304568528
Random test,AgroScore stack,0.5652173913043478,0.7868020304568528
Random test,AgroScore stack,0.5652173913043478,0.7918781725888325
Random test,AgroScore stack,0.571632216678546,0.7918781725888325
Random test,AgroScore stack,0.571632216678546,0.7969543147208121
Random test,AgroScore stack,0.5737704918032787,0.7969543147208121
Random test,AgroScore stack,0.5737704918032787,0.8020304568527918
Random test,AgroScore stack,0.5744832501781896,0.8020304568527918
Random test,AgroScore stack,0.5744832501781896,0.8121827411167513
Random test,AgroScore stack,0.5901639344262295,0.8121827411167513
Random test,AgroScore stack,0.5901639344262295,0.817258883248731
Random test,AgroScore stack,0.5915894511760513,0.817258883248731
Random test,AgroScore stack,0.5915894511760513,0.8223350253807107
Random test,AgroScore stack,0.6072701354240913,0.8223350253807107
Random test,AgroScore stack,0.6072701354240913,0.8274111675126904
Random test,AgroScore stack,0.6129722024233785,0.8274111675126904
Random test,AgroScore stack,0.6129722024233785,0.8324873096446701
Random test,AgroScore stack,0.6293656450463293,0.8324873096446701
Random test,AgroScore stack,0.6293656450463293,0.8375634517766497
Random test,AgroScore stack,0.6386315039201711,0.8375634517766497
Random test,AgroScore stack,0.6386315039201711,0.8426395939086294
Random test,AgroScore stack,0.6421952957947256,0.8426395939086294
Random test,AgroScore stack,0.6421952957947256,0.8477157360406091
Random test,AgroScore stack,0.6457590876692801,0.8477157360406091
Random test,AgroScore stack,0.6457590876692801,0.8527918781725888
Random test,AgroScore stack,0.6507483962936564,0.8527918781725888
Random test,AgroScore stack,0.6507483962936564,0.8578680203045685
Random test,AgroScore stack,0.6828225231646472,0.8578680203045685
Random test,AgroScore stack,0.6828225231646472,0.8629441624365483
Random test,AgroScore stack,0.6892373485388453,0.8629441624365483
Random test,AgroScore stack,0.6892373485388453,0.868020304568528
Random test,AgroScore stack,0.6913756236635781,0.868020304568528
Random test,AgroScore stack,0.6913756236635781,0.8730964467005076
Random test,AgroScore stack,0.7056307911617962,0.8730964467005076
Random test,AgroScore stack,0.7056307911617962,0.8781725888324873
Random test,AgroScore stack,0.7106200997861725,0.8781725888324873
Random test,AgroScore stack,0.7106200997861725,0.8984771573604061
Random test,AgroScore stack,0.7555238774055595,0.8984771573604061
Random test,AgroScore stack,0.7555238774055595,0.9035532994923858
Random test,AgroScore stack,0.7655024946543122,0.9035532994923858
Random test,AgroScore stack,0.7655024946543122,0.9086294416243654
Random test,AgroScore stack,0.7712045616535994,0.9086294416243654
Random test,AgroScore stack,0.7712045616535994,0.9137055837563451
Random test,AgroScore stack,0.7840342124019958,0.9137055837563451
Random test,AgroScore stack,0.7840342124019958,0.9187817258883249
Random test,AgroScore stack,0.7890235210263721,0.9187817258883249
Random test,AgroScore stack,0.7890235210263721,0.9238578680203046
Random test,AgroScore stack,0.8146828225231646,0.9238578680203046
Random test,AgroScore stack,0.8146828225231646,0.9289340101522843
Random test,AgroScore stack,0.8175338560228083,0.9289340101522843
Random test,AgroScore stack,0.8175338560228083,0.934010152284264
Random test,AgroScore stack,0.8282252316464719,0.934010152284264
Random test,AgroScore stack,0.8282252316464719,0.9390862944162437
Random test,AgroScore stack,0.8410548823948681,0.9390862944162437
Random test,AgroScore stack,0.8410548823948681,0.9441624365482234
Random test,AgroScore stack,0.8431931575196009,0.9441624365482234
Random test,AgroScore stack,0.8431931575196009,0.949238578680203
Random test,AgroScore stack,0.8453314326443335,0.949238578680203
Random test,AgroScore stack,0.8453314326443335,0.9543147208121827
Random test,AgroScore stack,0.8681397006414825,0.9543147208121827
Random test,AgroScore stack,0.8681397006414825,0.9593908629441624
Random test,AgroScore stack,0.8695652173913043,0.9593908629441624
Random test,AgroScore stack,0.8695652173913043,0.9644670050761421
Random test,AgroScore stack,0.8774055595153243,0.9644670050761421
Random test,AgroScore stack,0.8774055595153243,0.9695431472081218
Random test,AgroScore stack,0.9044903777619387,0.9695431472081218
Random test,AgroScore stack,0.9044903777619387,0.9746192893401016
Random test,AgroScore stack,0.9358517462580185,0.9746192893401016
Random test,AgroScore stack,0.9358517462580185,0.9796954314720813
Random test,AgroScore stack,0.9600855310049893,0.9796954314720813
Random test,AgroScore stack,0.9600855310049893,0.9847715736040609
Random test,AgroScore stack,0.9657875980042766,0.9847715736040609
Random test,AgroScore stack,0.9657875980042766,0.9898477157360406
Random test,AgroScore stack,0.9757662152530292,0.9898477157360406
Random test,AgroScore stack,0.9757662152530292,0.9949238578680203
Random test,AgroScore stack,0.985032074126871,0.9949238578680203
Random test,AgroScore stack,0.985032074126871,1.0
Random test,AgroScore stack,1.0,1.0
Out-of-time,AgroScore stack,0.0,0.0
Out-of-time,AgroScore stack,0.0007462686567164179,0.0
Out-of-time,AgroScore stack,0.002238805970149254,0.0
Out-of-time,AgroScore stack,0.002238805970149254,0.015384615384615385
Out-of-time,AgroScore stack,0.0029850746268656717,0.015384615384615385
Out-of-time,AgroScore stack,0.0029850746268656717,0.019230769230769232
Out-of-time,AgroScore stack,0.004477611940298508,0.019230769230769232
Out-of-time,AgroScore stack,0.004477611940298508,0.026923076923076925
Out-of-time,AgroScore stack,0.005970149253731343,0.026923076923076925
Out-of-time,AgroScore stack,0.005970149253731343,0.03461538461538462
Out-of-time,AgroScore stack,0.006716417910447761,0.03461538461538462
Out-of-time,AgroScore stack,0.006716417910447761,0.057692307692307696
Out-of-time,AgroScore stack,0.010447761194029851,0.057692307692307696
Out-of-time,AgroScore stack,0.010447761194029851,0.06153846153846154
Out-of-time,AgroScore stack,0.014179104477611941,0.06153846153846154
Out-of-time,AgroScore stack,0.014179104477611941,0.06538461538461539
Out-of-time,AgroScore stack,0.014925373134328358,0.06538461538461539
Out-of-time,AgroScore stack,0.014925373134328358,0.06923076923076923
Out-of-time,AgroScore stack,0.017164179104477612,0.06923076923076923
Out-of-time,AgroScore stack,0.017164179104477612,0.07307692307692308
Out-of-time,AgroScore stack,0.020149253731343283,0.07307692307692308
Out-of-time,AgroScore stack,0.020149253731343283,0.07692307692307693
Out-of-time,AgroScore stack,0.022388059701492536,0.07692307692307693
Out-of-time,AgroScore stack,0.022388059701492536,0.08076923076923077
Out-of-time,AgroScore stack,0.023134328358208955,0.08076923076923077
Out-of-time,AgroScore stack,0.023134328358208955,0.08461538461538462
Out-of-time,AgroScore stack,0.023880597014925373,0.08461538461538462
Out-of-time,AgroScore stack,0.023880597014925373,0.08846153846153847
Out-of-time,AgroScore stack,0.024626865671641792,0.08846153846153847
Out-of-time,AgroScore stack,0.024626865671641792,0.09615384615384616
Out-of-time,AgroScore stack,0.029104477611940297,0.09615384615384616
Out-of-time,AgroScore stack,0.029104477611940297,0.11153846153846154
Out-of-time,AgroScore stack,0.029850746268656716,0.11153846153846154
Out-of-time,AgroScore stack,0.029850746268656716,0.11538461538461539
Out-of-time,AgroScore stack,0.03208955223880597,0.11538461538461539
Out-of-time,AgroScore stack,0.03208955223880597,0.11923076923076924
Out-of-time,AgroScore stack,0.03283582089552239,0.11923076923076924
Out-of-time,AgroScore stack,0.03283582089552239,0.12692307692307692
Out-of-time,AgroScore stack,0.03731343283582089,0.12692307692307692
Out-of-time,AgroScore stack,0.03731343283582089,0.13076923076923078
Out-of-time,AgroScore stack,0.03955223880597015,0.13076923076923078
Out-of-time,AgroScore stack,0.03955223880597015,0.1423076923076923
Out-of-time,AgroScore stack,0.04402985074626865,0.1423076923076923
Out-of-time,AgroScore stack,0.04402985074626865,0.14615384615384616
Out-of-time,AgroScore stack,0.04701492537313433,0.14615384615384616
Out-of-time,AgroScore stack,0.04701492537313433,0.15384615384615385
Out-of-time,AgroScore stack,0.050746268656716415,0.15384615384615385
Out-of-time,AgroScore stack,0.050746268656716415,0.1576923076923077
Out-of-time,AgroScore stack,0.05149253731343283,0.1576923076923077
Out-of-time,AgroScore stack,0.05149253731343283,0.16153846153846155
Out-of-time,AgroScore stack,0.05223880597014925,0.16153846153846155
Out-of-time,AgroScore stack,0.05223880597014925,0.16538461538461538
Out-of-time,AgroScore stack,0.05373134328358209,0.16538461538461538
Out-of-time,AgroScore stack,0.05373134328358209,0.16923076923076924
Out-of-time,AgroScore stack,0.05447761194029851,0.16923076923076924
Out-of-time,AgroScore stack,0.05447761194029851,0.19230769230769232
Out-of-time,AgroScore stack,0.05522388059701493,0.19230769230769232
Out-of-time,AgroScore stack,0.05522388059701493,0.19615384615384615
Out-of-time,AgroScore stack,0.055970149253731345,0.19615384615384615
Out-of-time,AgroScore stack,0.055970149253731345,0.20384615384615384
Out-of-time,AgroScore stack,0.057462686567164176,0.20384615384615384
Out-of-time,AgroScore stack,0.057462686567164176,0.2076923076923077
Out-of-time,AgroScore stack,0.05970149253731343,0.2076923076923077
Out-of-time,AgroScore stack,0.05970149253731343,0.21153846153846154
Out-of-time,AgroScore stack,0.06044776119402985,0.21153846153846154
Out-of-time,AgroScore stack,0.06044776119402985,0.2230769230769231
Out-of-time,AgroScore stack,0.06119402985074627,0.2230769230769231
Out-of-time,AgroScore stack,0.06119402985074627,0.23076923076923078
Out-of-time,AgroScore stack,0.06716417910447761,0.23076923076923078
Out-of-time,AgroScore stack,0.06716417910447761,0.2423076923076923
Out-of-time,AgroScore stack,0.06791044776119402,0.2423076923076923
Out-of-time,AgroScore stack,0.06791044776119402,0.24615384615384617
Out-of-time,AgroScore stack,0.06865671641791045,0.24615384615384617
Out-of-time,AgroScore stack,0.06865671641791045,0.25769230769230766
Out-of-time,AgroScore stack,0.07014925373134329,0.25769230769230766
Out-of-time,AgroScore stack,0.07014925373134329,0.26153846153846155
Out-of-time,AgroScore stack,0.07462686567164178,0.26153846153846155
Out-of-time,AgroScore stack,0.07462686567164178,0.2653846153846154
Out-of-time,AgroScore stack,0.07537313432835821,0.2653846153846154
Out-of-time,AgroScore stack,0.07537313432835821,0.2692307692307692
Out-of-time,AgroScore stack,0.07686567164179105,0.2692307692307692
Out-of-time,AgroScore stack,0.07686567164179105,0.27307692307692305
Out-of-time,AgroScore stack,0.07761194029850746,0.27307692307692305
Out-of-time,AgroScore stack,0.07761194029850746,0.28076923076923077
Out-of-time,AgroScore stack,0.08059701492537313,0.28076923076923077
Out-of-time,AgroScore stack,0.08059701492537313,0.2846153846153846
Out-of-time,AgroScore stack,0.08507462686567165,0.2846153846153846
Out-of-time,AgroScore stack,0.08507462686567165,0.28846153846153844
Out-of-time,AgroScore stack,0.08582089552238806,0.28846153846153844
Out-of-time,AgroScore stack,0.08582089552238806,0.2923076923076923
Out-of-time,AgroScore stack,0.0880597014925373,0.2923076923076923
Out-of-time,AgroScore stack,0.0880597014925373,0.3
Out-of-time,AgroScore stack,0.08955223880597014,0.3
Out-of-time,AgroScore stack,0.08955223880597014,0.3038461538461538
Out-of-time,AgroScore stack,0.09029850746268657,0.3038461538461538
Out-of-time,AgroScore stack,0.09029850746268657,0.31153846153846154
Out-of-time,AgroScore stack,0.09253731343283582,0.31153846153846154
Out-of-time,AgroScore stack,0.09253731343283582,0.3153846153846154
Out-of-time,AgroScore stack,0.0955223880597015,0.3153846153846154
Out-of-time,AgroScore stack,0.0955223880597015,0.3230769230769231
Out-of-time,AgroScore stack,0.0962686567164179,0.3230769230769231
Out-of-time,AgroScore stack,0.0962686567164179,0.3269230769230769
Out-of-time,AgroScore stack,0.09850746268656717,0.3269230769230769
Out-of-time,AgroScore stack,0.09850746268656717,0.3346153846153846
Out-of-time,AgroScore stack,0.10149253731343283,0.3346153846153846
Out-of-time,AgroScore stack,0.10149253731343283,0.34615384615384615
Out-of-time,AgroScore stack,0.10373134328358209,0.34615384615384615
Out-of-time,AgroScore stack,0.10373134328358209,0.35
Out-of-time,AgroScore stack,0.1044776119402985,0.35
Out-of-time,AgroScore stack,0.1044776119402985,0.35384615384615387
Out-of-time,AgroScore stack,0.10895522388059702,0.35384615384615387
Out-of-time,AgroScore stack,0.10895522388059702,0.3576923076923077
Out-of-time,AgroScore stack,0.11716417910447761,0.3576923076923077
Out-of-time,AgroScore stack,0.11716417910447761,0.36153846153846153
Out-of-time,AgroScore stack,0.11940298507462686,0.36153846153846153
Out-of-time,AgroScore stack,0.11940298507462686,0.36923076923076925
Out-of-time,AgroScore stack,0.12014925373134329,0.36923076923076925
Out-of-time,AgroScore stack,0.12014925373134329,0.3730769230769231
Out-of-time,AgroScore stack,0.1291044776119403,0.3730769230769231
Out-of-time,AgroScore stack,0.1291044776119403,0.38076923076923075
Out-of-time,AgroScore stack,0.12985074626865672,0.38076923076923075
Out-of-time,AgroScore stack,0.12985074626865672,0.38846153846153847
Out-of-time,AgroScore stack,0.13134328358208955,0.38846153846153847
Out-of-time,AgroScore stack,0.13134328358208955,0.3923076923076923
Out-of-time,AgroScore stack,0.13507462686567165,0.3923076923076923
Out-of-time,AgroScore stack,0.13507462686567165,0.39615384615384613
Out-of-time,AgroScore stack,0.13880597014925372,0.39615384615384613
Out-of-time,AgroScore stack,0.13880597014925372,0.4
Out-of-time,AgroScore stack,0.141044776119403,0.4
Out-of-time,AgroScore stack,0.141044776119403,0.4076923076923077
Out-of-time,AgroScore stack,0.14776119402985075,0.4076923076923077
Out-of-time,AgroScore stack,0.14776119402985075,0.4115384615384615
Out-of-time,AgroScore stack,0.14925373134328357,0.4115384615384615
Out-of-time,AgroScore stack,0.14925373134328357,0.4269230769230769
Out-of-time,AgroScore stack,0.15149253731343285,0.4269230769230769
Out-of-time,AgroScore stack,0.15149253731343285,0.4307692307692308
Out-of-time,AgroScore stack,0.1582089552238806,0.4307692307692308
Out-of-time,AgroScore stack,0.1582089552238806,0.4346153846153846
Out-of-time,AgroScore stack,0.15895522388059702,0.4346153846153846
Out-of-time,AgroScore stack,0.15895522388059702,0.4461538461538462
Out-of-time,AgroScore stack,0.15970149253731344,0.4461538461538462
Out-of-time,AgroScore stack,0.15970149253731344,0.45
Out-of-time,AgroScore stack,0.1619402985074627,0.45
Out-of-time,AgroScore stack,0.1619402985074627,0.45384615384615384
Out-of-time,AgroScore stack,0.16343283582089552,0.45384615384615384
Out-of-time,AgroScore stack,0.16343283582089552,0.4576923076923077
Out-of-time,AgroScore stack,0.16417910447761194,0.4576923076923077
Out-of-time,AgroScore stack,0.16417910447761194,0.46153846153846156
Out-of-time,AgroScore stack,0.16492537313432837,0.46153846153846156
Out-of-time,AgroScore stack,0.16492537313432837,0.4653846153846154
Out-of-time,AgroScore stack,0.1664179104477612,0.4653846153846154
Out-of-time,AgroScore stack,0.1664179104477612,0.46923076923076923
Out-of-time,AgroScore stack,0.1708955223880597,0.46923076923076923
Out-of-time,AgroScore stack,0.1708955223880597,0.47307692307692306
Out-of-time,AgroScore stack,0.17238805970149254,0.47307692307692306
Out-of-time,AgroScore stack,0.17238805970149254,0.47692307692307695
Out-of-time,AgroScore stack,0.1746268656716418,0.47692307692307695
Out-of-time,AgroScore stack,0.1746268656716418,0.4807692307692308
Out-of-time,AgroScore stack,0.1791044776119403,0.4807692307692308
Out-of-time,AgroScore stack,0.1791044776119403,0.4846153846153846
Out-of-time,AgroScore stack,0.18059701492537314,0.4846153846153846
Out-of-time,AgroScore stack,0.18059701492537314,0.49230769230769234
Out-of-time,AgroScore stack,0.18358208955223881,0.49230769230769234
Out-of-time,AgroScore stack,0.18358208955223881,0.5
Out-of-time,AgroScore stack,0.18880597014925374,0.5
Out-of-time,AgroScore stack,0.18880597014925374,0.5038461538461538
Out-of-time,AgroScore stack,0.18955223880597014,0.5038461538461538
Out-of-time,AgroScore stack,0.18955223880597014,0.5076923076923077
Out-of-time,AgroScore stack,0.1947761194029851,0.5076923076923077
Out-of-time,AgroScore stack,0.1947761194029851,0.5115384615384615
Out-of-time,AgroScore stack,0.19552238805970149,0.5115384615384615
Out-of-time,AgroScore stack,0.19552238805970149,0.5153846153846153
Out-of-time,AgroScore stack,0.20223880597014926,0.5153846153846153
Out-of-time,AgroScore stack,0.20223880597014926,0.5230769230769231
Out-of-time,AgroScore stack,0.20671641791044776,0.5230769230769231
Out-of-time,AgroScore stack,0.20671641791044776,0.5269230769230769
Out-of-time,AgroScore stack,0.21044776119402986,0.5269230769230769
Out-of-time,AgroScore stack,0.21044776119402986,0.5346153846153846
Out-of-time,AgroScore stack,0.22014925373134328,0.5346153846153846
Out-of-time,AgroScore stack,0.22014925373134328,0.5384615384615384
Out-of-time,AgroScore stack,0.2208955223880597,0.5384615384615384
Out-of-time,AgroScore stack,0.2208955223880597,0.5423076923076923
Out-of-time,AgroScore stack,0.2253731343283582,0.5423076923076923
Out-of-time,AgroScore stack,0.2253731343283582,0.5461538461538461
Out-of-time,AgroScore stack,0.22761194029850745,0.5461538461538461
Out-of-time,AgroScore stack,0.22761194029850745,0.55
Out-of-time,AgroScore stack,0.2291044776119403,0.55
Out-of-time,AgroScore stack,0.2291044776119403,0.5538461538461539
Out-of-time,AgroScore stack,0.23134328358208955,0.5538461538461539
Out-of-time,AgroScore stack,0.23134328358208955,0.5576923076923077
Out-of-time,AgroScore stack,0.23208955223880598,0.5576923076923077
Out-of-time,AgroScore stack,0.23208955223880598,0.5653846153846154
Out-of-time,AgroScore stack,0.23432835820895523,0.5653846153846154
Out-of-time,AgroScore stack,0.23432835820895523,0.5692307692307692
Out-of-time,AgroScore stack,0.2417910447761194,0.5692307692307692
Out-of-time,AgroScore stack,0.2417910447761194,0.573076923076923
Out-of-time,AgroScore stack,0.2582089552238806,0.573076923076923
Out-of-time,AgroScore stack,0.2582089552238806,0.5846153846153846
Out-of-time,AgroScore stack,0.258955223880597,0.5846153846153846
Out-of-time,AgroScore stack,0.258955223880597,0.5884615384615385
Out-of-time,AgroScore stack,0.2619402985074627,0.5884615384615385
Out-of-time,AgroScore stack,0.2619402985074627,0.5923076923076923
Out-of-time,AgroScore stack,0.2708955223880597,0.5923076923076923
Out-of-time,AgroScore stack,0.2708955223880597,0.5961538461538461
Out-of-time,AgroScore stack,0.27238805970149255,0.5961538461538461
Out-of-time,AgroScore stack,0.27238805970149255,0.6
Out-of-time,AgroScore stack,0.27611940298507465,0.6
Out-of-time,AgroScore stack,0.27611940298507465,0.6038461538461538
Out-of-time,AgroScore stack,0.27761194029850744,0.6038461538461538
Out-of-time,AgroScore stack,0.27761194029850744,0.6076923076923076
Out-of-time,AgroScore stack,0.2791044776119403,0.6076923076923076
Out-of-time,AgroScore stack,0.2791044776119403,0.6115384615384616
Out-of-time,AgroScore stack,0.282089552238806,0.6115384615384616
Out-of-time,AgroScore stack,0.282089552238806,0.6153846153846154
Out-of-time,AgroScore stack,0.28432835820895525,0.6153846153846154
Out-of-time,AgroScore stack,0.28432835820895525,0.6192307692307693
Out-of-time,AgroScore stack,0.2880597014925373,0.6192307692307693
Out-of-time,AgroScore stack,0.2880597014925373,0.6269230769230769
Out-of-time,AgroScore stack,0.28880597014925374,0.6269230769230769
Out-of-time,AgroScore stack,0.28880597014925374,0.6307692307692307
Out-of-time,AgroScore stack,0.28955223880597014,0.6307692307692307
Out-of-time,AgroScore stack,0.28955223880597014,0.6423076923076924
Out-of-time,AgroScore stack,0.2992537313432836,0.6423076923076924
Out-of-time,AgroScore stack,0.2992537313432836,0.6461538461538462
Out-of-time,AgroScore stack,0.3,0.6461538461538462
Out-of-time,AgroScore stack,0.3,0.65
Out-of-time,AgroScore stack,0.30149253731343284,0.65
Out-of-time,AgroScore stack,0.30149253731343284,0.6538461538461539
Out-of-time,AgroScore stack,0.3029850746268657,0.6538461538461539
Out-of-time,AgroScore stack,0.3029850746268657,0.6576923076923077
Out-of-time,AgroScore stack,0.30895522388059704,0.6576923076923077
Out-of-time,AgroScore stack,0.30895522388059704,0.6615384615384615
Out-of-time,AgroScore stack,0.32686567164179103,0.6615384615384615
Out-of-time,AgroScore stack,0.32686567164179103,0.6653846153846154
Out-of-time,AgroScore stack,0.32985074626865674,0.6653846153846154
Out-of-time,AgroScore stack,0.32985074626865674,0.6692307692307692
Out-of-time,AgroScore stack,0.33507462686567163,0.6692307692307692
Out-of-time,AgroScore stack,0.33507462686567163,0.6730769230769231
Out-of-time,AgroScore stack,0.3373134328358209,0.6730769230769231
Out-of-time,AgroScore stack,0.3373134328358209,0.676923076923077
Out-of-time,AgroScore stack,0.33880597014925373,0.676923076923077
Out-of-time,AgroScore stack,0.33880597014925373,0.6884615384615385
Out-of-time,AgroScore stack,0.34626865671641793,0.6884615384615385
Out-of-time,AgroScore stack,0.34626865671641793,0.6923076923076923
Out-of-time,AgroScore stack,0.3529850746268657,0.6923076923076923
Out-of-time,AgroScore stack,0.3529850746268657,0.7
Out-of-time,AgroScore stack,0.3641791044776119,0.7
Out-of-time,AgroScore stack,0.3641791044776119,0.7038461538461539
Out-of-time,AgroScore stack,0.367910447761194,0.7038461538461539
Out-of-time,AgroScore stack,0.367910447761194,0.7076923076923077
Out-of-time,AgroScore stack,0.3835820895522388,0.7076923076923077
Out-of-time,AgroScore stack,0.3835820895522388,0.7115384615384616
Out-of-time,AgroScore stack,0.3843283582089552,0.7115384615384616
Out-of-time,AgroScore stack,0.3843283582089552,0.7153846153846154
Out-of-time,AgroScore stack,0.3940298507462687,0.7153846153846154
Out-of-time,AgroScore stack,0.3940298507462687,0.7192307692307692
Out-of-time,AgroScore stack,0.4007462686567164,0.7192307692307692
Out-of-time,AgroScore stack,0.4007462686567164,0.7230769230769231
Out-of-time,AgroScore stack,0.40671641791044777,0.7230769230769231
Out-of-time,AgroScore stack,0.40671641791044777,0.7269230769230769
Out-of-time,AgroScore stack,0.40746268656716417,0.7269230769230769
Out-of-time,AgroScore stack,0.40746268656716417,0.7307692307692307
Out-of-time,AgroScore stack,0.41194029850746267,0.7307692307692307
Out-of-time,AgroScore stack,0.41194029850746267,0.7346153846153847
Out-of-time,AgroScore stack,0.4291044776119403,0.7346153846153847
Out-of-time,AgroScore stack,0.4291044776119403,0.7384615384615385
Out-of-time,AgroScore stack,0.43208955223880596,0.7384615384615385
Out-of-time,AgroScore stack,0.43208955223880596,0.7423076923076923
Out-of-time,AgroScore stack,0.4343283582089552,0.7423076923076923
Out-of-time,AgroScore stack,0.4343283582089552,0.75
Out-of-time,AgroScore stack,0.4380597014925373,0.75
Out-of-time,AgroScore stack,0.4380597014925373,0.7538461538461538
Out-of-time,AgroScore stack,0.44477611940298506,0.7538461538461538
Out-of-time,AgroScore stack,0.44477611940298506,0.7576923076923077
Out-of-time,AgroScore stack,0.45298507462686566,0.7576923076923077
Out-of-time,AgroScore stack,0.45298507462686566,0.7615384615384615
Out-of-time,AgroScore stack,0.45746268656716416,0.7615384615384615
Out-of-time,AgroScore stack,0.45746268656716416,0.7653846153846153
Out-of-time,AgroScore stack,0.46492537313432836,0.7653846153846153
Out-of-time,AgroScore stack,0.46492537313432836,0.7692307692307693
Out-of-time,AgroScore stack,0.47686567164179106,0.7692307692307693
Out-of-time,AgroScore stack,0.47686567164179106,0.7730769230769231
Out-of-time,AgroScore stack,0.4835820895522388,0.7730769230769231
Out-of-time,AgroScore stack,0.4835820895522388,0.7769230769230769
Out-of-time,AgroScore stack,0.4873134328358209,0.7769230769230769
Out-of-time,AgroScore stack,0.4873134328358209,0.7807692307692308
Out-of-time,AgroScore stack,0.491044776119403,0.7807692307692308
Out-of-time,AgroScore stack,0.491044776119403,0.7884615384615384
Out-of-time,AgroScore stack,0.49701492537313435,0.7884615384615384
Out-of-time,AgroScore stack,0.49701492537313435,0.7923076923076923
Out-of-time,AgroScore stack,0.5186567164179104,0.7923076923076923
Out-of-time,AgroScore stack,0.5186567164179104,0.7961538461538461
Out-of-time,AgroScore stack,0.5320895522388059,0.7961538461538461
Out-of-time,AgroScore stack,0.5320895522388059,0.8076923076923077
Out-of-time,AgroScore stack,0.5447761194029851,0.8076923076923077
Out-of-time,AgroScore stack,0.5447761194029851,0.8115384615384615
Out-of-time,AgroScore stack,0.5485074626865671,0.8115384615384615
Out-of-time,AgroScore stack,0.5485074626865671,0.8153846153846154
Out-of-time,AgroScore stack,0.5537313432835821,0.8153846153846154
Out-of-time,AgroScore stack,0.5537313432835821,0.8192307692307692
Out-of-time,AgroScore stack,0.5791044776119403,0.8192307692307692
Out-of-time,AgroScore stack,0.5791044776119403,0.823076923076923
Out-of-time,AgroScore stack,0.6022388059701492,0.823076923076923
Out-of-time,AgroScore stack,0.6022388059701492,0.8269230769230769
Out-of-time,AgroScore stack,0.6044776119402985,0.8269230769230769
Out-of-time,AgroScore stack,0.6044776119402985,0.8307692307692308
Out-of-time,AgroScore stack,0.6149253731343284,0.8307692307692308
Out-of-time,AgroScore stack,0.6149253731343284,0.8346153846153846
Out-of-time,AgroScore stack,0.6186567164179104,0.8346153846153846
Out-of-time,AgroScore stack,0.6186567164179104,0.8384615384615385
Out-of-time,AgroScore stack,0.6253731343283582,0.8384615384615385
Out-of-time,AgroScore stack,0.6253731343283582,0.8423076923076923
Out-of-time,AgroScore stack,0.641044776119403,0.8423076923076923
Out-of-time,AgroScore stack,0.641044776119403,0.8461538461538461
Out-of-time,AgroScore stack,0.6432835820895523,0.8461538461538461
Out-of-time,AgroScore stack,0.6432835820895523,0.85
Out-of-time,AgroScore stack,0.6507462686567164,0.85
Out-of-time,AgroScore stack,0.6507462686567164,0.8538461538461538
Out-of-time,AgroScore stack,0.6776119402985075,0.8538461538461538
Out-of-time,AgroScore stack,0.6776119402985075,0.8576923076923076
Out-of-time,AgroScore stack,0.6791044776119403,0.8576923076923076
Out-of-time,AgroScore stack,0.6791044776119403,0.8615384615384616
Out-of-time,AgroScore stack,0.6902985074626866,0.8615384615384616
Out-of-time,AgroScore stack,0.6902985074626866,0.8653846153846154
Out-of-time,AgroScore stack,0.6940298507462687,0.8653846153846154
Out-of-time,AgroScore stack,0.6940298507462687,0.8692307692307693
Out-of-time,AgroScore stack,0.6955223880597015,0.8692307692307693
Out-of-time,AgroScore stack,0.6955223880597015,0.8730769230769231
Out-of-time,AgroScore stack,0.7052238805970149,0.8730769230769231
Out-of-time,AgroScore stack,0.7052238805970149,0.8769230769230769
Out-of-time,AgroScore stack,0.7067164179104478,0.8769230769230769
Out-of-time,AgroScore stack,0.7067164179104478,0.8807692307692307
Out-of-time,AgroScore stack,0.7089552238805971,0.8807692307692307
Out-of-time,AgroScore stack,0.7089552238805971,0.8846153846153846
Out-of-time,AgroScore stack,0.7097014925373134,0.8846153846153846
Out-of-time,AgroScore stack,0.7097014925373134,0.8884615384615384
Out-of-time,AgroScore stack,0.7238805970149254,0.8884615384615384
Out-of-time,AgroScore stack,0.7238805970149254,0.8961538461538462
Out-of-time,AgroScore stack,0.735820895522388,0.8961538461538462
Out-of-time,AgroScore stack,0.735820895522388,0.9
Out-of-time,AgroScore stack,0.7485074626865672,0.9
Out-of-time,AgroScore stack,0.7485074626865672,0.9038461538461539
Out-of-time,AgroScore stack,0.7544776119402985,0.9038461538461539
Out-of-time,AgroScore stack,0.7544776119402985,0.9076923076923077
Out-of-time,AgroScore stack,0.7597014925373134,0.9076923076923077
Out-of-time,AgroScore stack,0.7597014925373134,0.9115384615384615
Out-of-time,AgroScore stack,0.7611940298507462,0.9115384615384615
Out-of-time,AgroScore stack,0.7611940298507462,0.9153846153846154
Out-of-time,AgroScore stack,0.7619402985074627,0.9153846153846154
Out-of-time,AgroScore stack,0.7619402985074627,0.9230769230769231
Out-of-time,AgroScore stack,0.7664179104477612,0.9230769230769231
Out-of-time,AgroScore stack,0.7664179104477612,0.926923076923077
Out-of-time,AgroScore stack,0.8014925373134328,0.926923076923077
Out-of-time,AgroScore stack,0.8014925373134328,0.9307692307692308
Out-of-time,AgroScore stack,0.808955223880597,0.9307692307692308
Out-of-time,AgroScore stack,0.808955223880597,0.9346153846153846
Out-of-time,AgroScore stack,0.8171641791044776,0.9346153846153846
Out-of-time,AgroScore stack,0.8171641791044776,0.9384615384615385
Out-of-time,AgroScore stack,0.8246268656716418,0.9384615384615385
Out-of-time,AgroScore stack,0.8246268656716418,0.9461538461538461
Out-of-time,AgroScore stack,0.8328358208955224,0.9461538461538461
Out-of-time,AgroScore stack,0.8328358208955224,0.9538461538461539
Out-of-time,AgroScore stack,0.8365671641791045,0.9538461538461539
Out-of-time,AgroScore stack,0.8365671641791045,0.9576923076923077
Out-of-time,AgroScore stack,0.8373134328358209,0.9576923076923077
Out-of-time,AgroScore stack,0.8373134328358209,0.9615384615384616
Out-of-time,AgroScore stack,0.8529850746268657,0.9615384615384616
Out-of-time,AgroScore stack,0.8529850746268657,0.9653846153846154
Out-of-time,AgroScore stack,0.8671641791044776,0.9653846153846154
Out-of-time,AgroScore stack,0.8671641791044776,0.9692307692307692
Out-of-time,AgroScore stack,0.8940298507462686,0.9692307692307692
Out-of-time,AgroScore stack,0.8940298507462686,0.9730769230769231
Out-of-time,AgroScore stack,0.9059701492537313,0.9730769230769231
Out-of-time,AgroScore stack,0.9059701492537313,0.9769230769230769
Out-of-time,AgroScore stack,0.95,0.9769230769230769
Out-of-time,AgroScore stack,0.95,0.9807692307692307
Out-of-time,AgroScore stack,0.9597014925373134,0.9807692307692307
Out-of-time,AgroScore stack,0.9597014925373134,0.9846153846153847
Out-of-time,AgroScore stack,0.9664179104477612,0.9846153846153847
Out-of-time,AgroScore stack,0.9664179104477612,0.9884615384615385
Out-of-time,AgroScore stack,0.9738805970149254,0.9884615384615385
Out-of-time,AgroScore stack,0.9738805970149254,0.9923076923076923
Out-of-time,AgroScore stack,0.9753731343283583,0.9923076923076923
Out-of-time,AgroScore stack,0.9753731343283583,0.9961538461538462
Out-of-time,AgroScore stack,0.991044776119403,0.9961538461538462
Out-of-time,AgroScore stack,0.991044776119403,1.0
Out-of-time,AgroScore stack,1.0,1.0
